TICKER;PRECO;DY;P/L;P/VP;P/ATIVOS;MARGEM BRUTA;MARGEM EBIT;MARG. LIQUIDA;P/EBIT;EV/EBIT;DIVIDA LIQUIDA / EBIT;DIV. LIQ. / PATRI.;PSR;P/CAP. GIRO;P. AT CIR. LIQ.;LIQ. CORRENTE;ROE;ROA;ROIC;PATRIMONIO / ATIVOS;PASSIVOS / ATIVOS;GIRO ATIVOS;CAGR RECEITAS 5 ANOS;CAGR LUCROS 5 ANOS; LIQUIDEZ MEDIA DIARIA
AALR3;11,99;0,73;-16,79;1,20;0,54;17,98;0,67;-9,24;232,25;326,63;94,39;0,49;1,55;-14,52;-0,72;0,87;-7,16;-3,23;-0,43;0,45;0,54;0,35;22,24;;10.932.437,37
ABCB4;13,44;4,83;7,57;0,72;0,06;-0,25;-5,45;6,11;-8,49;-8,49;;;0,46;-11,29;-0,21;0,99;9,47;0,78;;0,08;0,92;0,13;5,50;8,66;11.080.388,67
ABEV3;12,35;3,97;21,80;2,63;1,60;55,69;25,72;17,14;14,52;13,72;-0,80;-0,14;3,73;27,65;-2,28;1,24;12,06;7,34;16,10;0,61;0,38;0,43;6,67;-0,28;466.401.316,95
ADHM3;2,19;;-5,74;-1,81;147,58;100,00;-13.548,48;-18.860,61;-7,99;-7,99;0,00;;1.082,23;-2,01;-163,08;0,00;-31,47;-2.571,90;22,61;-81,72;82,72;0,14;;;60.284,72
AFLT3;10,19;6,42;27,05;2,85;2,72;64,52;61,25;61,79;27,29;24,61;-2,68;-0,28;16,72;7,70;-4,32;20,69;10,55;10,04;9,49;0,95;0,05;0,16;2,20;11,01;33.640,37
AGRO3;20,71;4,49;10,76;1,17;0,67;31,39;23,30;16,95;7,83;11,15;3,32;0,49;1,82;4,71;-0,93;1,96;10,83;6,18;8,69;0,57;0,43;0,36;13,49;-7,94;3.514.528,77
AHEB3;26,40;;-6,12;10,40;0,84;15,92;-27,02;-28,47;-6,45;;0,74;-1,19;1,74;-12,73;-1,03;0,73;-169,92;-13,75;-161,29;0,08;0,92;0,48;-10,10;;89.116,93
AHEB5;25,00;;-5,80;9,85;0,80;15,92;-27,02;-28,47;-6,11;;0,74;-1,19;1,65;-12,05;-0,97;0,73;-169,92;-13,75;-161,29;0,08;0,92;0,48;-10,10;;3.341,00
AHEB6;25,00;;-5,80;9,85;0,80;15,92;-27,02;-28,47;-6,11;;0,74;-1,19;1,65;-12,05;-0,97;0,73;-169,92;-13,75;-161,29;0,08;0,92;0,48;-10,10;;3.232,00
ALPA3;32,47;0,15;71,82;6,69;2,87;53,05;9,95;8,29;59,87;63,50;-0,44;-0,05;5,96;11,72;-8,35;1,60;9,32;4,00;4,92;0,43;0,56;0,48;1,55;-1,97;90.142,49
ALPA4;37,01;0,15;81,87;7,63;3,27;53,05;9,95;8,29;68,25;63,50;-0,44;-0,05;6,79;13,36;-9,51;1,60;9,32;4,00;4,92;0,43;0,56;0,48;1,55;-1,97;60.951.368,56
ALPK3;9,80;;-16,89;2,48;0,60;27,04;6,29;-13,22;35,52;61,01;25,49;1,78;2,23;-3,31;-0,70;0,44;-14,67;-3,58;2,10;0,24;0,75;0,27;;;491.520,65
ALSC3;27,75;;38,57;2,20;1,20;75,71;65,32;27,78;16,41;14,85;-1,56;-0,21;10,72;9,41;-1,43;5,39;5,69;3,12;11,21;0,55;0,44;0,11;2,54;10,07;
ALSO3;26,50;;71,93;1,07;0,65;69,52;36,07;10,28;20,49;16,62;-3,87;-0,20;7,39;4,48;-0,77;9,44;1,49;0,90;3,69;0,60;0,30;0,09;18,45;-27,08;48.425.739,58
ALUP11;23,43;1,41;10,90;1,29;0,34;45,88;44,74;12,93;3,15;5,79;2,64;1,08;1,41;2,97;-0,44;2,17;11,86;3,15;9,87;0,27;0,60;0,24;25,59;16,91;19.537.563,74
ALUP3;9,57;1,15;13,35;1,58;0,42;45,88;44,74;12,93;3,86;5,79;2,64;1,08;1,73;3,64;-0,54;2,17;11,86;3,15;9,87;0,27;0,60;0,24;25,59;16,91;175.486,12
ALUP4;6,91;1,59;9,64;1,14;0,30;45,88;44,74;12,93;2,79;5,79;2,64;1,08;1,25;2,63;-0,39;2,17;11,86;3,15;9,87;0,27;0,60;0,24;25,59;16,91;229.615,77
AMAR3;8,44;;-8,63;1,67;0,65;42,43;-6,95;-10,51;-13,06;-18,98;-5,92;0,76;0,91;2,75;-1,41;1,76;-19,32;-7,48;-7,00;0,39;0,61;0,71;-2,93;;45.753.384,23
AMBP3;31,28;;102,64;15,18;3,74;22,52;17,96;6,42;36,70;39,91;3,21;1,33;6,59;15,05;-6,86;2,21;14,79;3,65;10,50;0,25;0,73;0,57;;;28.867.450,81
ANDG3B;28,82;;59,95;2,23;1,88;47,12;179,06;45,82;15,34;8,60;0,93;0,13;27,47;-25,32;-1,93;0,26;3,71;3,14;12,68;0,85;0,15;0,07;10,22;-23,32;43.458.221,13
ANDG4B;0,00;;0,00;0,00;0,00;47,12;179,06;45,82;0,00;8,60;0,93;0,13;0,00;0,00;0,00;0,26;3,71;3,14;12,68;0,85;0,15;0,07;10,22;-23,32;
ANIM3;29,94;;-81,89;2,01;0,97;47,57;7,93;-3,10;32,05;35,97;3,91;0,25;2,54;3,57;-1,56;3,44;-2,45;-1,18;3,50;0,48;0,52;0,38;11,24;;15.218.074,72
APER3;27,40;0,19;-89,46;1,79;1,21;100,00;-3,33;-3,72;-100,11;-75,96;24,16;-0,43;3,33;4,98;-1,98;2,63;-2,00;-1,35;-2,01;0,67;0,33;0,36;-16,64;-31,12;1.976.747,67
APTI3;0,00;;0,00;0,00;0,00;37,66;-33,28;-60,92;0,00;-7,04;-3,41;0,17;0,00;0,00;0,00;0,89;-9,40;-4,99;-5,04;0,53;0,47;0,08;-8,24;;
APTI4;3.500,00;;-2,99;0,28;0,15;37,66;-33,28;-60,92;-5,47;-7,04;-3,41;0,17;1,82;-8,50;-0,17;0,89;-9,40;-4,99;-5,04;0,53;0,47;0,08;-8,24;;
ARZZ3;56,12;0,63;121,48;7,62;2,95;46,68;6,27;2,92;56,62;57,02;0,40;0,05;3,55;7,29;-11,25;2,21;6,28;2,43;4,75;0,39;0,61;0,83;9,79;7,54;35.327.775,53
ATMP3;4,55;;-0,27;30,81;0,06;-18,65;-32,90;-48,26;-0,40;-2,10;-1,70;131,38;0,13;-0,31;-0,08;0,51;-11.325,64;-22,96;-58,23;0,00;1,00;0,48;-21,09;;70.881,42
ATOM3;2,80;;7,51;4,78;2,68;100,00;25,36;38,49;11,40;8,75;-2,64;-1,11;2,89;2,86;-483,61;17,71;63,68;35,70;38,69;0,56;0,44;0,93;;;823.741,07
AZEV3;11,10;;-0,49;-0,24;1.059,87;1.622,59;3.562,68;5.901,50;-0,82;-0,93;-0,46;;;-0,32;-2,32;0,14;-48,90;-215.277,43;51,40;-4.402,09;5.402,09;-36,48;-64,98;;78.031,86
AZEV4;4,02;;-0,18;-0,09;383,85;1.622,59;3.562,68;5.901,50;-0,30;-0,93;-0,46;;;-0,12;-0,84;0,14;-48,90;-215.277,43;51,40;-4.402,09;5.402,09;-36,48;-64,98;;129.694,12
AZUL4;22,18;;-2,29;-2,21;1,84;-15,17;-28,84;-128,36;-10,20;-16,64;-6,43;;2,94;-4,45;-2,39;0,36;-96,28;-80,30;-45,89;-0,83;1,83;0,63;14,54;;281.843.913,91
B3SA3;58,76;2,46;35,89;4,74;2,74;100,00;61,51;48,70;28,42;26,70;-1,71;-0,29;17,48;28,30;-4,16;1,39;13,20;7,63;10,72;0,58;0,42;0,16;23,81;22,64;695.586.748,23
BAHI3;127,31;;-14,23;2,85;0,68;41,42;-10,30;-16,52;-22,84;-21,59;1,25;-0,16;2,35;-10,79;-0,79;0,69;-20,06;-4,77;-10,38;0,24;0,75;0,29;;;152.913,58
BALM3;17,99;6,56;25,33;1,67;0,86;50,33;4,33;4,72;27,62;25,34;2,79;0,17;1,20;2,94;-2,25;1,91;6,60;3,41;1,55;0,52;0,45;0,72;5,12;-19,47;48.557,42
BALM4;11,39;10,36;16,04;1,06;0,55;50,33;4,33;4,72;17,48;25,34;2,79;0,17;0,76;1,86;-1,43;1,91;6,60;3,41;1,55;0,52;0,45;0,72;5,12;-19,47;180.955,93
BAUH4;90,00;0,95;32,01;6,01;3,85;25,31;8,88;8,07;29,10;27,10;-2,00;-0,41;2,58;20,59;-7,94;1,57;18,76;12,01;16,98;0,64;0,36;1,49;8,15;23,02;59.084,71
BAZA3;39,80;9,76;3,72;0,53;0,06;38,11;38,04;21,35;2,09;2,09;;;0,79;-0,16;-0,08;0,42;14,38;1,55;;0,11;0,89;0,07;6,35;8,48;103.341,77
BBAS3;32,86;5,59;5,50;0,90;0,05;16,72;5,52;12,47;12,42;12,42;;;0,69;-0,26;-0,11;0,72;16,30;0,96;;0,06;0,94;0,08;-2,23;7,20;543.909.132,56
BBDC3;19,23;8,93;10,53;1,26;0,13;15,88;-10,33;15,12;-15,42;-16,09;;;1,59;-1,92;-0,26;0,88;11,99;1,22;;0,10;0,90;0,08;4,51;6,55;98.743.067,63
BBDC4;20,90;9,04;11,44;1,37;0,14;15,88;-10,33;15,12;-16,76;-16,09;;;1,73;-2,09;-0,28;0,88;11,99;1,22;;0,10;0,90;0,08;4,51;6,55;973.454.369,00
BBML3;3.936,42;0,00;10.656,99;1.296,75;228,90;9,85;3,67;1,97;5.712,46;5.717,69;5,22;1,19;209,83;8.176,30;-411,32;1,07;12,17;2,15;4,78;0,18;0,82;1,09;;;0,00
BBRK3;1,71;;-0,41;0,37;0,20;67,36;-115,25;-128,53;-0,46;-0,10;0,36;-0,29;0,53;2,14;-0,28;1,48;-90,91;-48,68;-76,74;0,54;0,42;0,38;-13,43;;1.439.434,93
BBSE3;26,75;10,42;8,35;10,00;5,35;;;;6,38;6,38;;;;168,43;-8,15;1,10;119,75;64,10;;0,54;0,46;0,00;;14,01;119.229.357,91
BDLL3;24,00;;-0,20;-0,34;0,05;-35,58;-511,48;-472,75;-0,18;-1,22;-1,11;;0,93;-0,19;-0,09;0,60;-173,42;-26,34;-204,39;-0,15;1,15;0,06;-39,75;;13.797,50
BDLL4;8,41;;-0,07;-0,12;0,02;-35,58;-511,48;-472,75;-0,06;-1,22;-1,11;;0,33;-0,07;-0,03;0,60;-173,42;-26,34;-204,39;-0,15;1,15;0,06;-39,75;;67.420,36
BEEF3;13,10;;9,30;7,61;0,38;20,48;9,56;3,82;3,72;6,88;3,16;6,47;0,36;1,12;-1,14;2,01;81,78;4,04;12,35;0,05;0,95;1,06;19,63;;100.081.916,53
BEES3;5,47;4,69;7,48;1,09;0,06;48,87;16,00;12,32;5,76;5,83;;;0,92;-0,36;-0,13;0,74;14,58;0,85;;0,06;0,94;0,07;3,69;8,54;173.586,49
BEES4;5,72;4,49;7,83;1,14;0,07;48,87;16,00;12,32;6,03;5,83;;;0,96;-0,37;-0,14;0,74;14,58;0,85;;0,06;0,94;0,07;3,69;8,54;22.851,14
BFRE11;0,00;;0,00;0,00;0,00;;;;0,00;;-3,79;-0,07;;0,00;0,00;3,66;5,23;5,02;-0,81;0,96;0,04;0,00;;;
BFRE12;0,00;;0,00;0,00;0,00;;;;0,00;;-3,79;-0,07;;0,00;0,00;3,66;5,23;5,02;-0,81;0,96;0,04;0,00;;;
BGIP3;47,32;1,50;10,67;1,61;0,12;59,31;15,09;10,31;7,29;5,76;;;1,10;-13,16;-0,34;0,99;15,05;1,16;;0,08;0,92;0,11;5,66;64,33;73.303,31
BGIP4;27,52;2,85;6,21;0,93;0,07;59,31;15,09;10,31;4,24;5,76;;;0,64;-7,65;-0,20;0,99;15,05;1,16;;0,08;0,92;0,11;5,66;64,33;63.783,44
BIDI11;64,36;0,43;623,98;7,17;1,23;53,18;-2,24;2,75;-764,52;-764,52;;;17,13;10,80;-3,55;1,21;1,15;0,20;;0,17;0,83;0,07;;;36.614.874,05
BIDI3;19,95;0,47;580,26;6,67;1,14;53,18;-2,24;2,75;-710,94;-764,52;;;15,93;10,05;-3,30;1,21;1,15;0,20;;0,17;0,83;0,07;;;5.446.933,16
BIDI4;22,41;0,42;651,81;7,49;1,28;53,18;-2,24;2,75;-798,61;-764,52;;;17,90;11,28;-3,71;1,21;1,15;0,20;;0,17;0,83;0,07;;;36.932.476,91
BIOM3;16,10;;-16,13;8,11;2,75;23,40;-201,13;-235,65;-18,90;-21,17;-2,27;0,97;38,01;16,44;-4,09;2,04;-50,27;-17,05;-17,04;0,34;0,66;0,07;;;460.603,77
BKBR3;11,00;0,46;-12,78;1,62;0,71;60,33;-5,79;-7,96;-17,55;-20,03;-2,48;0,23;1,02;24,71;-0,92;1,14;-12,66;-5,55;-6,44;0,44;0,56;0,70;433,99;;19.792.734,00
BMEB3;16,50;3,78;6,43;0,91;0,08;69,74;2,99;5,74;12,32;12,04;;;0,37;0,35;-0,19;1,67;14,09;1,27;;0,09;0,91;0,22;-5,92;;53.369,79
BMEB4;15,51;4,42;6,04;0,85;0,08;69,74;2,99;5,74;11,58;12,04;;;0,35;0,33;-0,18;1,67;14,09;1,27;;0,09;0,91;0,22;-5,92;;283.343,65
BMGB4;5,25;4,76;8,27;0,77;0,13;64,78;2,74;9,95;30,05;30,05;;;0,82;44,39;-0,21;1,01;9,30;1,52;;0,16;0,84;0,15;;;6.508.239,47
BMIN3;22,91;6,11;53,61;0,89;0,46;76,15;21,64;16,33;40,45;39,91;;;8,75;-5,86;-0,60;0,74;1,67;0,87;;0,52;0,48;0,05;5,44;-8,61;122.826,28
BMIN4;20,85;6,71;48,79;0,81;0,42;76,15;21,64;16,33;36,81;39,91;;;7,97;-5,34;-0,55;0,74;1,67;0,87;;0,52;0,48;0,05;5,44;-8,61;43.414,87
BMKS3;227,00;2,68;26,67;0,56;0,49;25,51;-9,95;23,71;-63,56;25,43;88,99;-0,79;6,32;0,65;-2,33;21,37;2,11;1,84;-1,91;0,87;0,13;0,08;-13,82;-25,48;96.804,89
BNBR3;84,10;3,20;5,48;1,23;0,12;41,33;37,41;28,29;4,15;4,15;;;1,55;-2,36;-0,16;0,81;22,49;2,24;;0,10;0,90;0,08;4,71;18,37;161.574,64
BOBR3;0,00;;0,00;0,00;0,00;36,27;10,50;1,34;0,00;4,44;2,14;;0,00;0,00;0,00;0,62;-5,60;2,04;1.087,75;-0,36;1,36;1,52;-1,67;;
BOBR4;2,09;;38,17;-2,14;0,78;36,27;10,50;1,34;4,88;4,44;2,14;;0,51;-2,89;-1,39;0,62;-5,60;2,04;1.087,75;-0,36;1,36;1,52;-1,67;;316.721,42
BPAC11;80,22;1,51;29,67;2,84;0,30;-9,97;6,28;18,50;87,37;87,37;;;5,49;3,43;-1,10;1,13;9,56;1,00;;0,10;0,90;0,05;-0,86;14,56;312.114.663,91
BPAC3;46,30;0,87;51,37;4,91;0,51;-9,97;6,28;18,50;151,28;87,37;;;9,51;5,94;-1,91;1,13;9,56;1,00;;0,10;0,90;0,05;-0,86;14,56;517.313,88
BPAC5;17,60;2,29;19,53;1,87;0,19;-9,97;6,28;18,50;57,51;87,37;;;3,61;2,26;-0,73;1,13;9,56;1,00;;0,10;0,90;0,05;-0,86;14,56;294.432,84
BPAN4;8,40;1,99;14,01;1,98;0,30;60,09;7,42;8,08;15,25;15,25;;;1,13;-1,53;-0,52;0,68;14,13;2,14;;0,15;0,85;0,27;8,37;49,77;34.633.093,00
BPAR3;182,07;7,71;5,62;1,22;0,19;79,36;32,89;18,85;3,22;3,22;;;1,06;-1,46;-0,40;0,81;21,73;3,29;;0,15;0,85;0,17;8,00;16,96;
BPAT33;0,00;;0,00;0,00;0,00;51,56;21,77;5,61;0,00;0,00;;;0,00;;0,00;;9,46;1,35;;0,14;0,86;0,24;14,99;-24,79;
BPHA3;0,62;;0,06;-0,24;0,99;98,02;1.029,99;13.896,67;0,80;1,66;0,85;;8,28;-0,38;-1,18;0,06;-402,50;1.669,02;-36,75;-4,15;5,15;0,12;-68,85;;
BRAP3;39,69;1,83;43,44;1,26;1,20;;;;44,35;47,61;0,10;0,00;;295,82;-1,26;1,09;2,90;2,77;2,78;0,96;0,04;0,00;;;734.832,84
BRAP4;44,05;1,81;48,21;1,40;1,34;;;;49,23;47,61;0,10;0,00;;328,31;-1,40;1,09;2,90;2,77;2,78;0,96;0,04;0,00;;;102.677.479,91
BRDT3;21,35;4,52;13,42;2,53;0,90;5,46;1,53;2,19;19,16;22,18;3,01;0,40;0,29;3,16;-1,81;2,29;18,89;6,70;1,90;0,35;0,65;3,06;-0,73;14,51;154.325.766,49
BRFS3;19,58;;12,90;2,34;0,33;24,30;8,40;3,45;5,29;10,23;4,94;2,19;0,44;3,57;-0,58;1,26;18,16;2,52;9,40;0,14;0,86;0,73;2,89;-33,13;244.904.969,60
BRGE11;9,98;3,54;13,70;0,60;0,09;-169,88;-269,99;144,46;-7,33;;17,46;-1,43;19,79;1,55;-0,30;1,10;4,38;0,69;-6,43;0,16;0,77;0,00;3,11;2,66;15.152,00
BRGE12;6,88;;9,44;0,41;0,07;-169,88;-269,99;144,46;-5,05;;17,46;-1,43;13,64;1,07;-0,20;1,10;4,38;0,69;-6,43;0,16;0,77;0,00;3,11;2,66;43.696,32
BRGE3;9,05;;12,42;0,54;0,09;-169,88;-269,99;144,46;-6,65;;17,46;-1,43;17,95;1,41;-0,27;1,10;4,38;0,69;-6,43;0,16;0,77;0,00;3,11;2,66;44.338,06
BRGE5;16,90;1,74;23,20;1,02;0,16;-169,88;-269,99;144,46;-12,41;;17,46;-1,43;33,51;2,63;-0,50;1,10;4,38;0,69;-6,43;0,16;0,77;0,00;3,11;2,66;4.604,83
BRGE6;44,99;1,57;61,76;2,71;0,43;-169,88;-269,99;144,46;-33,04;;17,46;-1,43;89,21;6,99;-1,34;1,10;4,38;0,69;-6,43;0,16;0,77;0,00;3,11;2,66;25.068,25
BRGE7;5,40;7,62;7,41;0,32;0,05;-169,88;-269,99;144,46;-3,97;;17,46;-1,43;10,71;0,84;-0,16;1,10;4,38;0,69;-6,43;0,16;0,77;0,00;3,11;2,66;
BRGE8;7,50;3,92;10,30;0,45;0,07;-169,88;-269,99;144,46;-5,51;;17,46;-1,43;14,87;1,17;-0,22;1,10;4,38;0,69;-6,43;0,16;0,77;0,00;3,11;2,66;33.931,65
BRIV3;7,70;;9,46;0,45;0,04;21,44;8,36;6,58;7,45;7,30;;;0,62;0,33;-0,13;1,22;4,77;0,43;;0,09;0,91;0,06;-6,24;0,83;35.038,42
BRIV4;7,30;9,34;8,97;0,43;0,04;21,44;8,36;6,58;7,07;7,30;;;0,59;0,31;-0,13;1,22;4,77;0,43;;0,09;0,91;0,06;-6,24;0,83;58.328,81
BRKM3;22,26;3,77;-1,71;-5,25;0,21;11,90;-7,29;-20,81;-4,88;;-8,23;;0,36;1,80;-0,33;1,46;-306,76;-12,26;-18,89;-0,04;1,06;0,59;3,00;;405.110,49
BRKM5;21,21;3,95;-1,63;-5,00;0,20;11,90;-7,29;-20,81;-4,65;;-8,23;;0,34;1,71;-0,32;1,46;-306,76;-12,26;-18,89;-0,04;1,06;0,59;3,00;;61.580.887,74
BRKM6;18,00;3,37;-1,38;-4,25;0,17;11,90;-7,29;-20,81;-3,95;;-8,23;;0,29;1,45;-0,27;1,46;-306,76;-12,26;-18,89;-0,04;1,06;0,59;3,00;;1.851,50
BRML3;9,34;;49,44;0,77;0,44;88,04;37,20;14,84;19,72;25,05;5,33;0,21;7,34;8,17;-0,48;2,89;1,57;0,88;2,79;0,56;0,41;0,06;-1,04;18,24;196.539.914,49
BRPR3;9,16;0,94;9,86;0,63;0,45;100,00;225,52;136,56;5,97;6,64;0,67;0,07;13,47;3,32;-0,54;9,43;6,37;4,60;6,72;0,72;0,28;0,03;-14,64;3,09;28.193.756,81
BRQB3;0,00;;0,00;0,00;0,00;31,20;12,56;7,98;0,00;-0,96;-0,96;-0,53;0,00;0,00;0,00;2,20;34,79;13,36;21,79;0,38;0,61;1,68;-0,37;100,11;
BRSR3;14,85;4,63;6,12;0,74;0,07;49,42;11,10;11,66;6,43;;;;0,71;1,16;-2,04;1,07;12,07;1,15;;0,09;0,91;0,10;1,64;15,38;302.225,16
BRSR5;21,75;3,37;8,97;1,08;0,10;49,42;11,10;11,66;9,42;;;;1,05;1,70;-2,99;1,07;12,07;1,15;;0,09;0,91;0,10;1,64;15,38;12.869,79
BRSR6;13,14;5,24;5,42;0,65;0,06;49,42;11,10;11,66;5,69;;;;0,63;1,02;-1,81;1,07;12,07;1,15;;0,09;0,91;0,10;1,64;15,38;30.578.029,79
BSEV3;4,48;;-2,95;-4,51;0,34;11,59;5,58;-23,72;12,54;29,26;16,72;;0,70;-0,71;-0,58;0,46;-153,14;-11,54;-1,54;-0,08;1,07;0,49;7,69;;731.836,21
BSLI3;189,00;1,33;15,04;3,69;0,36;76,02;19,40;14,78;11,45;10,11;;;2,22;-1,50;-0,51;0,56;24,53;2,37;;0,10;0,90;0,16;5,10;12,95;29.462,25
BSLI4;92,01;3,01;7,32;1,80;0,17;76,02;19,40;14,78;5,58;10,11;;;1,08;-0,73;-0,25;0,56;24,53;2,37;;0,10;0,90;0,16;5,10;12,95;9.101,00
BTOW3;112,09;;-251,35;10,56;3,58;29,50;1,87;-2,88;387,47;388,72;1,25;0,03;7,23;11,56;-8,72;2,10;-4,20;-1,42;0,50;0,34;0,66;0,49;-3,20;;356.941.811,14
BTTL3;10,41;;15,92;15,77;1,13;16,74;4,87;2,20;7,20;8,81;1,61;3,53;0,35;-37,63;-1,83;0,93;99,08;7,13;36,82;0,07;0,93;3,24;-11,43;;161.077,81
BTTL4;11.091,73;;16.962,99;16.807,32;1.209,22;16,74;4,87;2,20;7.674,34;8,81;1,61;3,53;373,62;-40.094,72;-1.947,88;0,93;99,08;7,13;36,82;0,07;0,93;3,24;-11,43;;0,00
CALI3;98,18;;-3,18;10,29;0,39;-23,53;-133,88;-125,42;-2,98;-2,80;-0,79;2,75;3,99;1,16;-0,77;3,11;-323,68;-12,28;-86,54;0,04;0,96;0,10;-38,15;;
CALI4;50,21;;-1,63;5,26;0,20;-23,53;-133,88;-125,42;-1,52;-2,80;-0,79;2,75;2,04;0,59;-0,39;3,11;-323,68;-12,28;-86,54;0,04;0,96;0,10;-38,15;;25.105,00
CAMB3;4,46;;80,86;2,91;0,86;44,89;7,74;1,33;13,93;17,56;3,63;0,76;1,08;261,15;-1,41;1,01;3,59;1,06;5,50;0,30;0,71;0,80;-4,98;7,64;777.032,33
CAMB4;6,25;;113,32;4,07;1,20;44,89;7,74;1,33;19,52;17,56;3,63;0,76;1,51;365,96;-1,98;1,01;3,59;1,06;5,50;0,30;0,71;0,80;-4,98;7,64;453.862,40
CAML3;12,76;1,25;17,79;2,10;0,98;23,55;6,33;4,71;13,23;16,38;3,15;0,50;0,84;3,24;-2,24;2,17;11,80;5,52;8,38;0,47;0,53;1,17;7,98;17,95;15.965.094,49
CARD3;16,46;1,65;18,00;2,52;1,29;27,75;13,65;8,53;11,25;12,02;0,77;0,17;1,54;37,07;-1,93;1,12;13,99;7,19;11,79;0,51;0,49;0,84;1,77;18,99;4.096.734,67
CASN3;18,00;;129,56;10,45;3,66;54,80;24,26;9,13;48,77;40,94;4,53;0,97;11,83;115,20;-4,28;1,28;8,07;2,82;8,12;0,35;0,65;0,31;8,58;9,88;
CASN4;8,88;;63,91;5,15;1,80;54,80;24,26;9,13;24,06;40,94;4,53;0,97;5,84;56,83;-2,11;1,28;8,07;2,82;8,12;0,35;0,65;0,31;8,58;9,88;1.100,00
CATA3;0,00;;0,00;0,00;0,00;11,30;-5,28;9,74;0,00;-4,93;-4,93;0,29;0,00;0,00;0,00;2,07;10,90;6,09;-4,47;0,56;0,45;0,63;-1,79;-8,60;
CATA4;0,00;;0,00;0,00;0,00;11,30;-5,28;9,74;0,00;-4,93;-4,93;0,29;0,00;0,00;0,00;2,07;10,90;6,09;-4,47;0,56;0,45;0,63;-1,79;-8,60;
CBEE3;17,00;2,34;10,16;0,77;0,25;15,20;10,37;4,72;4,62;11,58;6,96;1,16;0,48;-7,69;-0,34;0,89;7,58;2,49;5,68;0,33;0,67;0,53;5,20;7,47;24.983,67
CCPR3;14,95;0,32;36,98;1,30;0,46;63,85;57,02;13,72;8,90;12,03;3,13;0,46;5,08;3,79;-0,55;4,14;3,50;1,25;4,92;0,36;0,40;0,09;4,28;-8,25;4.429.477,37
CCRO3;13,39;5,69;30,72;3,29;0,77;37,75;27,57;8,54;9,52;14,61;5,10;1,76;2,62;32,85;-1,01;1,11;10,69;2,52;6,99;0,24;0,76;0,30;7,44;1,11;100.304.040,70
CCXC3;1,16;;-0,46;-0,04;0,20;;;;-0,74;-0,72;0,02;;;-0,04;;0,16;-8,10;-43,41;4,96;-5,36;6,37;0,00;;;45.760,33
CEAB3;12,06;2,10;-13,62;1,44;0,57;48,67;1,31;-6,43;66,70;96,33;29,63;0,64;0,88;2,79;-1,01;1,90;-10,59;-4,20;-0,41;0,40;0,60;0,65;;;35.305.822,00
CEBR3;68,33;2,44;-28,25;1,24;0,28;16,76;4,63;-1,34;8,17;;0,59;0,09;0,38;7,26;-0,50;1,09;-4,39;-0,98;5,59;0,22;0,71;0,73;6,64;;68.008,88
CEBR5;94,99;4,13;-39,27;1,72;0,39;16,76;4,63;-1,34;11,36;;0,59;0,09;0,53;10,09;-0,70;1,09;-4,39;-0,98;5,59;0,22;0,71;0,73;6,64;;13.297,00
CEBR6;71,98;2,55;-29,76;1,31;0,29;16,76;4,63;-1,34;8,61;;0,59;0,09;0,40;7,65;-0,53;1,09;-4,39;-0,98;5,59;0,22;0,71;0,73;6,64;;67.545,33
CEDO3;11,21;;-1,84;0,84;0,17;14,02;-2,10;-10,07;-8,84;-22,80;-15,86;1,50;0,19;-2,62;-0,27;0,85;-45,61;-9,22;-3,38;0,20;0,77;0,92;3,73;;17.058,09
CEDO4;5,62;;-0,92;0,42;0,09;14,02;-2,10;-10,07;-4,43;-22,80;-15,86;1,50;0,09;-1,31;-0,14;0,85;-45,61;-9,22;-3,38;0,20;0,77;0,92;3,73;;14.331,52
CEEB3;42,50;1,17;11,95;1,96;0,53;22,47;15,16;9,29;7,33;;5,12;1,37;1,11;11,00;-0,71;1,24;16,39;4,45;9,27;0,27;0,73;0,48;12,72;16,24;13.024,54
CEEB5;40,03;1,25;11,26;1,85;0,50;22,47;15,16;9,29;6,90;;5,12;1,37;1,05;10,36;-0,66;1,24;16,39;4,45;9,27;0,27;0,73;0,48;12,72;16,24;16.179,50
CEEB6;60,68;0,90;17,07;2,80;0,76;22,47;15,16;9,29;10,46;;5,12;1,37;1,59;15,70;-1,01;1,24;16,39;4,45;9,27;0,27;0,73;0,48;12,72;16,24;9.672.152,86
CEED3;54,00;;-0,32;-0,11;0,13;-3,88;-18,29;-48,89;-0,86;-2,46;-1,59;;0,16;-0,13;-0,18;0,20;-33,46;-41,63;16,16;-1,24;2,24;0,85;3,53;;101.074,88
CEED4;100,00;;-0,59;-0,20;0,25;-3,88;-18,29;-48,89;-1,58;-2,46;-1,59;;0,29;-0,24;-0,33;0,20;-33,46;-41,63;16,16;-1,24;2,24;0,85;3,53;;10.000,00
CEGR3;60,10;2,43;41,41;14,51;4,40;27,24;15,04;9,32;25,68;26,89;1,21;0,68;3,86;-43,81;-5,96;0,72;35,05;10,63;19,21;0,30;0,70;1,14;5,62;3,05;10.336,67
CEPE3;0,00;;0,00;0,00;0,00;16,49;7,65;2,24;0,00;;10,75;2,98;0,00;0,00;0,00;0,90;8,11;1,46;5,72;0,18;0,82;0,65;9,02;6,60;
CEPE5;28,02;5,83;15,48;1,25;0,23;16,49;7,65;2,24;4,52;;10,75;2,98;0,35;-6,64;-0,33;0,90;8,11;1,46;5,72;0,18;0,82;0,65;9,02;6,60;65.080,60
CEPE6;23,17;7,76;12,80;1,04;0,19;16,49;7,65;2,24;3,74;;10,75;2,98;0,29;-5,49;-0,27;0,90;8,11;1,46;5,72;0,18;0,82;0,65;9,02;6,60;8.632,00
CESP3;35,60;5,20;7,69;1,62;0,91;42,13;58,14;84,58;11,18;;0,97;0,14;6,50;27,96;-1,00;1,56;21,14;11,85;1,34;0,56;0,44;0,14;-20,20;15,73;394.219,35
CESP5;35,08;5,27;7,57;1,60;0,90;42,13;58,14;84,58;11,02;;0,97;0,14;6,41;27,55;-0,99;1,56;21,14;11,85;1,34;0,56;0,44;0,14;-20,20;15,73;39.646,89
CESP6;30,13;6,14;6,51;1,37;0,77;42,13;58,14;84,58;9,46;;0,97;0,14;5,50;23,66;-0,85;1,56;21,14;11,85;1,34;0,56;0,44;0,14;-20,20;15,73;64.593.028,53
CGAS3;176,35;8,95;17,41;25,32;2,08;34,75;23,82;15,19;11,10;;2,35;5,36;2,64;20,66;-3,82;1,28;145,48;11,94;18,25;0,08;0,92;0,79;8,30;17,45;44.228,91
CGAS5;186,96;9,28;18,45;26,85;2,20;34,75;23,82;15,19;11,77;;2,35;5,36;2,80;21,90;-4,05;1,28;145,48;11,94;18,25;0,08;0,92;0,79;8,30;17,45;462.727,67
CGRA3;26,99;6,49;4,18;0,89;0,64;53,27;22,21;29,02;5,46;4,36;-1,16;-0,19;1,21;2,71;-1,10;2,32;21,40;15,34;12,43;0,72;0,28;0,53;3,42;16,83;54.822,95
CGRA4;27,50;6,37;4,25;0,91;0,65;53,27;22,21;29,02;5,56;4,36;-1,16;-0,19;1,23;2,76;-1,12;2,32;21,40;15,34;12,43;0,72;0,28;0,53;3,42;16,83;275.928,88
CIEL3;4,55;1,71;13,66;1,35;0,17;31,68;10,54;8,40;10,88;12,60;1,72;0,21;1,15;1,94;-0,96;1,12;9,90;1,23;3,45;0,12;0,88;0,15;7,99;-11,13;293.194.371,60
CLSC3;62,50;2,80;6,53;1,50;0,24;12,86;6,89;4,51;4,27;6,03;2,03;0,71;0,29;3,91;-0,37;1,21;22,90;3,64;10,80;0,16;0,84;0,81;4,99;-11,18;385.003,55
CLSC4;55,90;3,44;5,84;1,34;0,21;12,86;6,89;4,51;3,82;6,03;2,03;0,71;0,26;3,49;-0,33;1,21;22,90;3,64;10,80;0,16;0,84;0,81;4,99;-11,18;2.442.510,26
CMIG3;10,55;4,97;13,33;0,95;0,31;18,18;10,00;4,92;6,55;11,63;5,06;0,73;0,66;3,14;-0,42;1,56;7,13;2,29;6,68;0,32;0,68;0,47;5,38;-0,06;18.220.267,05
CMIG4;10,59;4,95;13,38;0,95;0,31;18,18;10,00;4,92;6,58;11,63;5,06;0,73;0,66;3,15;-0,42;1,56;7,13;2,29;6,68;0,32;0,68;0,47;5,38;-0,06;113.042.270,09
CMSA3;0,00;;0,00;0,00;0,00;;;;0,00;0,50;0,50;-0,93;;0,00;0,00;125,15;-182,70;-181,35;-186,95;0,99;0,01;0,00;;;
CMSA4;0,00;;0,00;0,00;0,00;;;;0,00;0,50;0,50;-0,93;;0,00;0,00;125,15;-182,70;-181,35;-186,95;0,99;0,01;0,00;;;
CNSY3;30,22;;-51,33;23,36;4,66;13,52;-9,88;-16,08;-83,51;-92,31;-8,80;2,46;8,25;-24,87;-5,07;0,30;-45,51;-9,07;-8,25;0,20;0,80;0,56;19,24;;0,00
CNTO3;30,38;;67,67;3,76;1,56;47,22;9,29;4,90;35,64;36,85;1,21;0,13;3,31;5,80;-2,76;2,64;5,56;2,31;5,33;0,42;0,58;0,47;;;61.680.535,28
COCE3;79,00;2,69;16,03;1,96;0,65;15,42;10,27;6,80;10,62;;4,36;0,80;1,09;-40,06;-0,92;0,95;12,21;4,04;8,03;0,33;0,67;0,59;8,25;9,99;58.674,72
COCE5;61,49;3,45;12,48;1,52;0,50;15,42;10,27;6,80;8,27;;4,36;0,80;0,85;-31,18;-0,72;0,95;12,21;4,04;8,03;0,33;0,67;0,59;8,25;9,99;4.029.164,44
COCE6;0,00;;0,00;0,00;0,00;15,42;10,27;6,80;0,00;;4,36;0,80;0,00;0,00;0,00;0,95;12,21;4,04;8,03;0,33;0,67;0,59;8,25;9,99;
COGN3;5,70;0,08;-16,67;0,60;0,30;59,19;1,50;-9,96;110,47;203,39;92,93;0,50;1,66;2,66;-0,37;2,25;-3,60;-1,78;-0,11;0,49;0,51;0,18;13,24;-24,68;714.077.549,70
CORR3;12,00;;-0,20;-0,06;0,03;98,49;-80,45;-72,37;-0,18;0,69;1,43;;0,14;0,04;-0,07;18,10;-28,40;-12,57;37,67;-0,44;1,44;0,17;-33,38;;
CORR4;69,00;;-1,15;-0,33;0,14;98,49;-80,45;-72,37;-1,04;0,69;1,43;;0,83;0,24;-0,41;18,10;-28,40;-12,57;37,67;-0,44;1,44;0,17;-33,38;;10.850,00
CPFE3;28,84;6,24;11,62;2,26;0,65;21,72;15,31;9,66;7,33;10,72;3,39;1,05;1,12;10,08;-0,96;1,25;19,48;5,61;8,32;0,29;0,71;0,58;11,46;25,40;80.007.886,26
CPLE3;60,77;3,69;4,42;0,86;0,38;30,18;22,83;17,58;3,40;;1,61;0,41;0,78;6,33;-0,47;1,43;19,41;8,48;11,09;0,44;0,56;0,48;3,14;9,08;27.821.079,05
CPLE5;60,52;6,52;4,40;0,85;0,37;30,18;22,83;17,58;3,39;;1,61;0,41;0,77;6,30;-0,46;1,43;19,41;8,48;11,09;0,44;0,56;0,48;3,14;9,08;6.052,00
CPLE6;62,15;3,97;4,52;0,88;0,38;30,18;22,83;17,58;3,48;;1,61;0,41;0,79;6,47;-0,48;1,43;19,41;8,48;11,09;0,44;0,56;0,48;3,14;9,08;74.168.529,05
CPRE3;18,23;;60,96;2,13;0,80;44,88;28,32;8,22;17,69;23,29;5,59;0,67;5,01;-70,71;-0,92;0,92;3,49;1,32;5,79;0,38;0,61;0,16;9,10;;5.456,00
CRDE3;21,96;;-15,36;0,40;0,31;81,61;-11,49;-54,83;-73,27;4,99;78,26;-0,43;8,42;1,06;-0,59;2,61;-2,62;-2,02;-1,03;0,77;0,23;0,04;11,36;;95.110,43
CREM3;14,50;;32,70;2,45;0,67;30,30;7,39;2,10;9,28;13,11;3,84;1,01;0,69;4,89;-1,69;1,29;7,50;2,05;9,29;0,27;0,73;0,98;1,09;;
CRFB3;19,51;1,28;18,31;2,66;0,86;20,53;6,21;3,31;9,76;10,57;0,80;0,22;0,61;14,02;-1,65;1,14;14,52;4,67;12,70;0,32;0,65;1,41;10,32;12,50;133.963.446,56
CRIV3;5,70;0,61;8,38;0,61;0,09;52,82;17,03;12,30;6,05;6,41;;;1,03;0,33;-0,28;1,71;7,22;1,09;;0,15;0,85;0,09;-5,15;14,18;32.607,37
CRIV4;6,48;7,51;9,53;0,69;0,10;52,82;17,03;12,30;6,88;6,41;;;1,17;0,37;-0,32;1,71;7,22;1,09;;0,15;0,85;0,09;-5,15;14,18;17.713,86
CRPG3;23,80;0,59;6,82;1,14;0,82;26,81;18,97;19,69;7,08;;-1,17;-0,19;1,34;1,23;-3,92;6,48;16,73;12,01;15,57;0,72;0,28;0,61;8,35;;14.184,30
CRPG5;21,18;0,66;6,07;1,02;0,73;26,81;18,97;19,69;6,30;;-1,17;-0,19;1,20;1,09;-3,49;6,48;16,73;12,01;15,57;0,72;0,28;0,61;8,35;;151.955,56
CRPG6;21,30;0,65;6,11;1,02;0,73;26,81;18,97;19,69;6,34;;-1,17;-0,19;1,20;1,10;-3,50;6,48;16,73;12,01;15,57;0,72;0,28;0,61;8,35;;17.600,34
CSAB3;50,00;6,21;21,77;2,17;1,00;389,93;1.085,97;1.296,03;25,98;25,46;;;282,15;10,69;-1,21;2,15;9,98;4,58;;0,46;0,54;0,00;-27,17;-14,21;79.294,46
CSAB4;48,00;7,11;20,90;2,08;0,96;389,93;1.085,97;1.296,03;24,94;25,46;;;270,86;10,26;-1,16;2,15;9,98;4,58;;0,46;0,54;0,00;-27,17;-14,21;4.800,00
CSAN3;83,40;1,80;21,36;3,14;0,93;30,19;23,43;11,85;10,81;14,59;3,78;1,10;2,53;5,87;-1,37;1,97;14,70;4,36;9,40;0,30;0,69;0,37;10,73;31,02;145.773.526,23
CSMG3;47,35;3,78;7,94;0,86;0,51;43,31;22,66;14,33;5,02;7,00;1,98;0,34;1,14;6,34;-0,62;1,77;10,85;6,37;9,06;0,59;0,41;0,44;4,54;18,85;54.646.127,53
CSNA3;15,21;2,02;-21,89;5,08;0,38;28,61;7,79;-4,00;11,24;27,55;16,31;7,37;0,88;5,93;-0,54;1,29;-23,21;-1,75;3,42;0,08;0,90;0,44;9,54;;169.178.593,98
CSRN3;18,00;0,92;10,10;2,48;0,68;23,47;17,43;11,81;6,85;;3,35;1,21;1,19;6,77;-0,88;1,74;24,56;6,70;12,47;0,27;0,73;0,57;10,15;5,29;14.034,67
CSRN5;16,77;1,08;9,41;2,31;0,63;23,47;17,43;11,81;6,38;;3,35;1,21;1,11;6,31;-0,82;1,74;24,56;6,70;12,47;0,27;0,73;0,57;10,15;5,29;4.446,75
CSRN6;17,09;1,06;9,59;2,36;0,64;23,47;17,43;11,81;6,50;;3,35;1,21;1,13;6,43;-0,84;1,74;24,56;6,70;12,47;0,27;0,73;0,57;10,15;5,29;5.786,50
CTCA3;0,00;;0,00;0,00;0,00;61,44;15,15;11,76;0,00;-3,08;-3,08;-0,20;0,00;0,00;0,00;2,86;5,13;3,86;3,32;0,75;0,25;0,33;26,66;30,12;
CTKA3;15,30;;2,13;-0,37;0,24;38,13;12,03;13,58;2,40;14,57;12,47;;0,29;0,86;-0,62;1,86;-17,26;11,46;14,61;-0,66;1,66;0,84;0,27;;36.052,66
CTKA4;11,75;;1,63;-0,28;0,19;38,13;12,03;13,58;1,84;14,57;12,47;;0,22;0,66;-0,48;1,86;-17,26;11,46;14,61;-0,66;1,66;0,84;0,27;;70.654,40
CTNM3;10,85;;-1,37;0,36;0,08;29,97;-1,35;-13,29;-13,41;-63,55;-53,51;1,45;0,18;1,30;-0,12;1,20;-26,65;-5,73;-3,13;0,21;0,62;0,43;-5,30;;28.746,79
CTNM4;5,85;;-0,74;0,20;0,04;29,97;-1,35;-13,29;-7,23;-63,55;-53,51;1,45;0,10;0,70;-0,07;1,20;-26,65;-5,73;-3,13;0,21;0,62;0,43;-5,30;;167.144,44
CTSA3;2,76;1,10;123,22;1,05;0,48;20,02;5,75;0,57;12,22;;8,12;0,70;0,70;3,38;-0,92;1,42;0,86;0,39;4,31;0,45;0,55;0,68;2,57;61,71;179.008,16
CTSA4;2,35;1,30;104,91;0,90;0,41;20,02;5,75;0,57;10,41;;8,12;0,70;0,60;2,88;-0,78;1,42;0,86;0,39;4,31;0,45;0,55;0,68;2,57;61,71;117.199,42
CTSA8;0,00;;0,00;0,00;0,00;20,02;5,75;0,57;0,00;;8,12;0,70;0,00;0,00;0,00;1,42;0,86;0,39;4,31;0,45;0,55;0,68;2,57;61,71;
CVCB3;18,30;2,28;60,65;3,28;0,40;92,07;19,47;2,56;7,97;12,25;4,28;1,76;1,55;41,45;-1,14;1,01;5,41;0,65;10,14;0,12;0,88;0,26;19,77;-20,22;111.035.390,14
CYRE3;24,44;5,31;27,97;2,01;0,90;32,07;14,14;9,26;18,32;20,79;2,47;0,27;2,59;2,89;-1,94;2,36;7,19;3,20;5,49;0,45;0,51;0,35;-7,54;-8,46;196.560.474,98
DASA3;70,00;0,80;-169,78;8,69;2,72;26,48;1,26;-3,98;535,24;585,71;50,47;0,82;6,75;22,80;-3,90;1,66;-5,12;-1,60;-0,47;0,31;0,69;0,40;10,10;9,52;19.019,67
DIRR3;14,91;3,35;23,31;1,76;0,47;34,06;12,57;6,84;12,68;13,16;0,48;0,07;1,59;1,25;-0,94;4,24;7,55;2,03;6,30;0,27;0,70;0,30;-4,50;-12,25;21.255.880,88
DMMO3;1,26;;-0,49;-0,32;0,28;-11,17;-139,96;-194,13;-0,68;-1,81;-1,13;;0,95;-0,69;-0,34;0,29;-65,95;-57,58;120,92;-0,87;1,87;0,30;-15,03;;5.833.773,47
DMVF3;12,10;;-19,78;1,36;0,51;30,74;0,04;-2,92;1.289,04;1.844,00;554,96;0,59;0,58;-4,16;-0,69;0,69;-6,89;-2,56;-0,94;0,37;0,63;0,88;;;15.171.472,31
DOHL3;13,55;0,96;53,90;1,73;1,38;24,04;-0,79;4,17;-285,12;-221,08;14,08;-0,09;2,25;3,45;-2,61;6,68;3,21;2,56;-3,95;0,80;0,20;0,61;4,74;-5,49;46.282,85
DOHL4;5,07;2,82;20,17;0,65;0,52;24,04;-0,79;4,17;-106,68;-221,08;14,08;-0,09;0,84;1,29;-0,98;6,68;3,21;2,56;-3,95;0,80;0,20;0,61;4,74;-5,49;138.530,00
DTCY3;7,10;;-7,62;9,15;1,81;23,93;-27,16;-44,45;-12,48;-11,63;0,13;-0,09;3,39;-8,54;-2,50;0,57;-120,08;-23,73;-52,76;0,20;0,80;0,53;-1,40;;61.818,62
DTCY4;0,00;;0,00;0,00;0,00;23,93;-27,16;-44,45;0,00;-11,63;0,13;-0,09;0,00;0,00;0,00;0,57;-120,08;-23,73;-52,76;0,20;0,80;0,53;-1,40;;
DTEX3;16,00;2,33;32,48;2,34;1,01;26,42;11,53;6,81;19,19;22,97;3,78;0,46;2,21;6,38;-1,58;1,78;7,22;3,11;6,03;0,43;0,57;0,46;4,69;0,61;50.925.323,56
EALT3;12,42;0,44;18,75;1,66;0,68;24,25;10,06;5,70;10,62;10,14;2,77;0,43;1,07;-158,24;-1,19;0,99;8,83;3,64;8,97;0,41;0,59;0,64;11,80;20,01;27.642,39
EALT4;5,70;1,05;8,61;0,76;0,31;24,25;10,06;5,70;4,88;10,14;2,77;0,43;0,49;-72,62;-0,55;0,99;8,83;3,64;8,97;0,41;0,59;0,64;11,80;20,01;245.146,02
ECOR3;12,92;;-36,59;11,73;0,63;39,31;20,00;-4,96;9,08;17,77;8,70;11,24;1,82;-10,87;-0,75;0,73;-32,06;-1,72;5,49;0,05;0,95;0,35;6,12;;64.834.925,07
ECPR3;77,00;;-2,21;0,90;0,52;;;;-2,53;-2,57;0,02;-0,01;;79,99;-0,52;3,16;-40,74;-23,42;-35,84;0,57;0,43;0,00;;;7.733,00
ECPR4;81,00;;-2,33;0,95;0,55;;;;-2,66;-2,57;0,02;-0,01;;84,15;-0,55;3,16;-40,74;-23,42;-35,84;0,57;0,43;0,00;;;12.095,00
EEEL3;400,00;2,69;12,80;1,53;0,71;56,67;45,32;22,64;6,40;6,71;0,32;0,08;2,90;4,77;-0,95;2,44;11,98;5,53;15,74;0,46;0,54;0,24;10,14;;51.333,00
EEEL4;366,08;3,23;11,72;1,40;0,65;56,67;45,32;22,64;5,85;6,71;0,32;0,08;2,65;4,36;-0,87;2,44;11,98;5,53;15,74;0,46;0,54;0,24;10,14;;48.574,75
EGIE3;43,07;5,48;13,33;4,73;1,09;40,66;44,70;24,95;7,44;10,02;2,58;1,64;3,32;13,58;-1,46;1,47;35,49;8,19;15,97;0,23;0,77;0,33;8,66;10,81;85.069.512,67
EKTR3;24,09;1,36;9,42;1,63;0,53;19,17;13,62;7,51;5,19;9,01;4,09;1,29;0,71;22,66;-0,79;1,07;17,35;5,60;9,29;0,32;0,68;0,75;7,24;2,43;21.772,67
EKTR4;21,63;1,67;8,46;1,47;0,47;19,17;13,62;7,51;4,66;9,01;4,09;1,29;0,63;20,34;-0,71;1,07;17,35;5,60;9,29;0,32;0,68;0,75;7,24;2,43;13.529,20
ELEK3;19,11;2,25;24,46;2,66;1,07;11,39;2,82;2,53;21,94;38,76;5,75;0,70;0,62;3,75;-2,60;1,94;10,87;4,36;4,38;0,40;0,60;1,72;1,48;;11.501,50
ELEK4;36,99;1,16;47,34;5,15;2,07;11,39;2,82;2,53;42,48;38,76;5,75;0,70;1,20;7,26;-5,02;1,94;10,87;4,36;4,38;0,40;0,60;1,72;1,48;;52.244,08
ELET3;35,56;4,56;6,48;0,74;0,30;78,26;44,96;26,34;3,80;;2,32;0,45;1,71;2,65;-0,41;1,80;11,36;4,68;10,85;0,41;0,59;0,18;-1,65;;259.168.981,86
ELET5;43,00;5,33;7,84;0,89;0,37;78,26;44,96;26,34;4,59;;2,32;0,45;2,06;3,20;-0,49;1,80;11,36;4,68;10,85;0,41;0,59;0,18;-1,65;;22.493,00
ELET6;35,93;4,97;6,55;0,74;0,31;78,26;44,96;26,34;3,84;;2,32;0,45;1,72;2,68;-0,41;1,80;11,36;4,68;10,85;0,41;0,59;0,18;-1,65;;133.194.596,44
ELPL3;49,32;;14,46;2,60;0,34;10,48;10,48;4,52;6,24;8,51;2,26;0,94;0,65;-19,76;-0,44;0,93;17,95;2,32;14,33;0,13;0,87;0,51;6,77;;
EMAE3;25,35;2,82;10,73;0,92;0,60;18,32;7,27;20,09;29,67;19,59;-12,99;-0,40;2,16;1,65;-1,06;5,85;8,57;5,56;0,46;0,65;0,35;0,28;23,78;;
EMAE4;29,48;2,66;12,48;1,07;0,69;18,32;7,27;20,09;34,51;19,59;-12,99;-0,40;2,51;1,92;-1,23;5,85;8,57;5,56;0,46;0,65;0,35;0,28;23,78;;132.025,28
EMBR3;7,31;;-1,31;0,34;0,10;12,65;-19,25;-36,89;-2,51;-7,07;-4,56;0,62;0,48;0,31;-0,23;2,07;-26,25;-7,32;-8,55;0,28;0,71;0,20;-6,86;;94.595.254,58
ENAT3;11,25;10,16;8,58;1,03;0,65;29,88;29,22;27,79;8,16;4,43;-3,72;-0,47;2,38;2,16;-1,12;3,55;11,98;7,56;8,64;0,63;0,37;0,27;17,18;2,03;20.872.322,63
ENBR3;18,68;3,13;8,33;1,21;0,42;20,05;15,80;8,93;4,71;7,19;2,49;0,64;0,74;7,08;-0,56;1,29;14,57;5,01;10,00;0,34;0,61;0,56;11,35;12,08;46.122.874,70
ENEV3;49,36;;21,63;2,16;1,03;40,39;30,96;21,03;14,69;18,78;4,10;0,60;4,55;10,46;-1,30;1,90;9,97;4,75;7,60;0,48;0,52;0,23;11,78;;73.114.493,44
ENGI11;43,40;1,38;18,72;2,57;0,37;15,35;11,41;4,29;7,03;13,86;6,82;2,50;0,80;23,93;-0,51;1,06;13,74;2,00;7,21;0,15;0,84;0,47;19,08;11,59;85.080.700,53
ENGI3;12,66;0,95;27,31;3,75;0,55;15,35;11,41;4,29;10,26;13,86;6,82;2,50;1,17;34,90;-0,74;1,06;13,74;2,00;7,21;0,15;0,84;0,47;19,08;11,59;151.122,14
ENGI4;7,76;1,55;16,74;2,30;0,33;15,35;11,41;4,29;6,29;13,86;6,82;2,50;0,72;21,39;-0,46;1,06;13,74;2,00;7,21;0,15;0,84;0,47;19,08;11,59;210.724,49
ENMA3B;50,49;6,04;13,40;2,73;1,14;33,92;19,98;16,50;11,07;;1,37;0,34;2,21;8,45;-1,85;1,55;20,37;8,53;11,71;0,42;0,58;0,52;8,84;14,09;249.508,00
ENMA6B;0,00;;0,00;0,00;0,00;33,92;19,98;16,50;0,00;;1,37;0,34;0,00;0,00;0,00;1,55;20,37;8,53;11,71;0,42;0,58;0,52;8,84;14,09;
ENMT3;29,90;2,38;14,25;2,81;0,75;19,41;14,88;9,48;9,08;13,57;4,49;1,39;1,35;12,67;-1,15;1,21;19,69;5,28;9,27;0,27;0,73;0,56;13,13;41,49;7.797,78
ENMT4;29,90;0,10;14,25;2,81;0,75;19,41;14,88;9,48;9,08;13,57;4,49;1,39;1,35;12,67;-1,15;1,21;19,69;5,28;9,27;0,27;0,73;0,56;13,13;41,49;5.842,00
EQPA3;3,42;4,39;13,07;2,25;0,66;30,34;17,07;10,35;7,92;;2,24;0,64;1,35;2,87;-1,05;2,61;17,23;5,03;10,21;0,29;0,71;0,49;7,01;6,33;128.299,91
EQPA5;5,80;2,07;22,16;3,82;1,12;30,34;17,07;10,35;13,43;;2,24;0,64;2,29;4,86;-1,78;2,61;17,23;5,03;10,21;0,29;0,71;0,49;7,01;6,33;49.692,60
EQPA6;10,68;1,40;40,81;7,03;2,05;30,34;17,07;10,35;24,73;;2,24;0,64;4,22;8,96;-3,27;2,61;17,23;5,03;10,21;0,29;0,71;0,49;7,01;6,33;1.068,00
EQPA7;5,75;2,61;21,97;3,78;1,11;30,34;17,07;10,35;13,32;;2,24;0,64;2,27;4,82;-1,76;2,61;17,23;5,03;10,21;0,29;0,71;0,49;7,01;6,33;13.770,29
EQTL3;23,23;1,38;8,67;2,61;0,58;32,73;25,32;14,43;4,94;7,38;2,44;1,29;1,25;4,75;-0,84;1,65;30,13;6,68;12,90;0,22;0,73;0,46;22,53;28,32;165.537.110,19
ESTR3;20,00;;-0,56;-0,03;0,08;46,14;9,22;-27,81;1,69;6,33;4,16;;0,16;-0,03;-0,14;0,16;-5,97;-13,81;-2,16;-2,31;3,31;0,50;-11,86;;
ESTR4;28,51;;-0,80;-0,05;0,11;46,14;9,22;-27,81;2,41;6,33;4,16;;0,22;-0,05;-0,19;0,16;-5,97;-13,81;-2,16;-2,31;3,31;0,50;-11,86;;53.552,90
ETER3;4,62;;5,95;5,75;0,40;17,34;19,15;8,01;2,49;3,14;0,65;1,49;0,48;7,10;-0,73;1,15;96,65;6,81;24,86;0,07;0,93;0,85;-12,96;;5.545.059,37
EUCA3;22,85;;30,71;1,54;0,86;29,49;11,80;4,49;11,69;8,67;2,57;0,34;1,38;-424,88;-1,20;0,99;5,00;2,79;5,89;0,56;0,44;0,62;6,48;19,12;192.260,00
EUCA4;6,36;;8,55;0,43;0,24;29,49;11,80;4,49;3,25;8,67;2,57;0,34;0,38;-118,26;-0,33;0,99;5,00;2,79;5,89;0,56;0,44;0,62;6,48;19,12;453.416,28
EVEN3;13,00;1,11;25,00;1,61;0,57;25,54;9,00;6,81;18,92;21,08;2,15;0,18;1,70;1,11;-2,51;3,02;6,45;2,29;3,75;0,35;0,60;0,34;-2,81;-12,22;37.883.432,02
EZTC3;38,67;0,76;27,90;2,25;1,99;43,42;26,10;35,00;37,41;31,89;-5,52;-0,33;9,76;4,88;-3,88;6,15;8,05;7,14;5,47;0,89;0,10;0,20;-3,30;-9,33;116.830.162,44
FBMC3;0,00;;0,00;0,00;0,00;-60,76;-92,67;-101,97;0,00;-0,74;-0,67;;0,00;0,00;0,00;0,31;-24,19;-36,57;25,82;-1,51;2,51;0,36;-18,14;;
FBMC4;1,96;;-0,09;-0,02;0,03;-60,76;-92,67;-101,97;-0,10;-0,74;-0,67;;0,09;-0,04;-0,05;0,31;-24,19;-36,57;25,82;-1,51;2,51;0,36;-18,14;;
FESA3;29,10;2,44;15,64;1,50;0,88;20,97;15,32;11,94;12,18;10,59;1,53;0,19;1,87;7,14;-1,26;1,68;9,58;5,60;7,53;0,58;0,41;0,47;9,09;19,29;17.208,83
FESA4;17,89;4,36;9,61;0,92;0,54;20,97;15,32;11,94;7,49;10,59;1,53;0,19;1,15;4,39;-0,77;1,68;9,58;5,60;7,53;0,58;0,41;0,47;9,09;19,29;3.822.395,51
FHER3;2,93;;0,31;-0,91;0,10;10,93;-2,82;33,31;-3,64;-6,38;-2,74;;0,10;0,85;-0,19;1,35;-294,74;32,97;906,94;-0,11;1,11;0,99;-27,63;141,43;397.656,30
FIGE3;0,00;;0,00;0,00;0,00;100,00;92,14;48,51;0,00;-7,44;-7,44;-0,35;0,00;0,00;0,00;569,45;2,50;2,50;3,24;1,00;0,00;0,05;;-6,38;
FIGE4;0,00;;0,00;0,00;0,00;100,00;92,14;48,51;0,00;-7,44;-7,44;-0,35;0,00;0,00;0,00;569,45;2,50;2,50;3,24;1,00;0,00;0,05;;-6,38;
FLEX3;0,00;;0,00;0,00;0,00;28,48;-1,96;-6,42;0,00;-12,56;-12,56;3,27;0,00;0,00;0,00;1,18;-85,20;-6,79;-10,96;0,08;0,92;1,06;24,52;;
FLRY3;26,01;2,83;62,27;5,33;1,53;24,07;12,24;5,01;25,49;28,07;2,58;0,54;3,12;11,39;-2,24;1,73;8,56;2,45;8,05;0,29;0,71;0,49;11,59;29,49;55.534.421,33
FNCN3;0,00;;0,00;0,00;0,00;96,32;-228,01;-227,88;0,00;0,00;;;0,00;0,00;0,00;30,46;-14,93;-14,26;;0,96;0,04;0,06;-22,05;;
FRAS3;5,15;1,40;40,37;1,34;0,57;25,66;7,89;2,09;10,71;12,92;2,21;0,28;0,85;1,77;-1,16;2,66;3,32;1,40;4,31;0,42;0,57;0,67;12,30;-6,17;448.060,09
FRIO3;89,98;;-3,22;-18,29;0,20;17,39;8,11;-8,18;3,25;9,78;6,53;;0,26;40,82;-0,75;1,01;-567,67;-6,34;6,15;-0,01;0,97;0,77;10,93;;57.540,82
FRTA3;4,52;;13,58;-0,14;0,27;25,02;-8,04;6,32;-10,68;-72,49;-61,81;;0,86;-0,12;-0,31;0,05;-1,01;2,00;9,47;-1,99;2,99;0,32;-29,82;;29.088,47
FTRT3B;0,00;;0,00;0,00;0,00;;;;0,00;0,00;0,00;0,00;;0,00;0,00;0,00;-0,95;-0,90;-2,42;0,95;0,05;0,00;;;
GBIO33;10,40;;-14,97;1,32;0,79;43,48;3,79;-10,14;40,09;47,57;7,48;0,25;1,52;7,57;-1,43;1,31;-8,83;-5,29;-0,10;0,60;0,40;0,52;12,83;-38,45;6.110.349,76
GEPA3;42,00;7,90;13,94;2,25;0,88;40,36;36,01;20,06;7,77;8,40;0,04;0,01;2,80;-14,85;-1,30;0,85;16,16;6,28;13,37;0,39;0,61;0,31;2,48;-2,91;16.517,13
GEPA4;46,80;7,09;15,54;2,51;0,98;40,36;36,01;20,06;8,65;8,40;0,04;0,01;3,12;-16,54;-1,45;0,85;16,16;6,28;13,37;0,39;0,61;0,31;2,48;-2,91;38.701,76
GFSA3;4,95;;-263,76;0,82;0,34;32,57;3,28;-1,02;81,78;90,52;8,74;0,09;2,68;1,09;-1,27;1,76;-0,31;-0,13;-1,20;0,42;0,58;0,13;-24,01;;45.022.496,74
GGBR3;16,04;0,44;30,08;0,92;0,44;8,64;6,73;2,45;10,95;18,08;5,73;0,48;0,74;2,38;-0,68;2,14;3,05;1,46;4,53;0,48;0,52;0,60;-1,40;-3,95;1.979.164,56
GGBR4;19,11;0,37;35,83;1,09;0,53;8,64;6,73;2,45;13,05;18,08;5,73;0,48;0,88;2,83;-0,80;2,14;3,05;1,46;4,53;0,48;0,52;0,60;-1,40;-3,95;263.493.655,53
GNDI3;74,35;0,22;72,97;6,62;3,14;29,48;12,76;6,38;36,49;36,45;-0,04;-0,01;4,66;75,65;-4,19;1,20;9,08;4,30;9,10;0,47;0,53;0,67;;;226.534.076,56
GOAU3;7,71;0,52;25,32;0,75;0,13;8,64;6,70;0,88;3,34;9,39;5,75;1,30;0,22;0,72;-0,21;2,15;2,97;0,53;4,51;0,18;0,52;0,60;-1,40;1,60;823.017,14
GOAU4;8,76;0,46;28,76;0,86;0,15;8,64;6,70;0,88;3,80;9,39;5,75;1,30;0,25;0,82;-0,23;2,15;2,97;0,53;4,51;0,18;0,52;0,60;-1,40;1,60;120.745.233,16
GOLL4;17,85;;-26,90;-4,31;3,79;27,29;6,62;-18,91;76,83;89,30;12,47;;5,09;-6,68;-5,16;0,32;-16,01;-14,11;-38,53;-0,88;1,84;0,75;6,61;;189.875.082,14
GPAR3;31,69;;24,62;2,09;1,66;49,73;56,81;43,58;18,89;18,50;-0,39;-0,04;10,73;6,36;-2,35;9,37;8,50;6,75;7,12;0,79;0,21;0,15;32,73;;54.609,56
GPCP3;65,90;;14,65;2,18;0,48;20,67;8,37;3,32;5,82;7,81;2,35;0,88;0,49;8,05;-0,75;1,19;14,88;3,26;16,23;0,22;0,75;0,98;16,77;;1.746.156,05
GPCP4;0,00;;0,00;0,00;0,00;20,67;8,37;3,32;0,00;7,81;2,35;0,88;0,00;0,00;0,00;1,19;14,88;3,26;16,23;0,22;0,75;0,98;16,77;;
GPIV33;5,70;;-2,42;0,29;0,13;100,00;211,16;82,62;-0,95;0,84;1,79;-0,54;;0,53;-0,19;16,05;-11,83;-5,57;-17,65;0,47;0,19;-0,07;17,48;110,83;376.927,00
GRND3;7,64;3,24;19,02;1,94;1,77;47,31;15,76;21,61;26,08;22,08;-4,00;-0,30;4,11;3,56;-4,02;8,69;10,18;9,29;6,67;0,91;0,09;0,43;-1,50;0,40;12.071.852,23
GSHP3;47,75;;-0,19;-0,19;0,05;67,98;65,25;-459,20;1,33;23,08;21,75;;0,87;0,69;-0,07;1,47;-101,57;-27,98;0,93;-0,28;1,28;0,06;-11,13;;62.738,79
GUAR3;17,50;2,90;53,05;1,78;0,72;61,81;2,87;2,41;44,50;52,72;8,22;0,33;1,28;4,99;-1,64;1,35;3,36;1,36;1,24;0,41;0,59;0,57;10,55;4,30;20.185.821,60
HAGA3;3,10;;10,16;-0,48;0,66;25,91;23,89;16,74;7,12;5,72;0,29;;1,70;1,74;-3,61;1,86;-4,69;6,46;-12,73;-1,38;2,38;0,39;-8,09;-12,85;57.049,63
HAGA4;2,00;;6,55;-0,31;0,42;25,91;23,89;16,74;4,59;5,72;0,29;;1,10;1,12;-2,33;1,86;-4,69;6,46;-12,73;-1,38;2,38;0,39;-8,09;-12,85;679.559,09
HAPV3;64,89;0,14;55,76;6,26;3,64;40,26;17,36;11,92;38,27;38,05;-0,22;-0,04;6,64;41,23;-4,84;1,55;11,22;6,53;9,50;0,58;0,42;0,55;;;114.124.957,86
HBOR3;11,98;;-25,54;1,30;0,36;12,89;-0,37;-5,40;-375,18;-591,95;-216,77;0,75;1,38;0,73;-1,27;3,24;-5,09;-1,41;-0,87;0,28;0,64;0,26;-4,23;;56.121.918,44
HBTS5;29,00;0,17;-4,03;1,13;0,21;47,29;-291,47;-275,18;-3,80;-5,57;-1,77;0,53;11,09;-1,88;-0,25;0,56;-28,16;-5,30;-22,83;0,19;0,81;0,02;;;153.739,17
HETA3;4,01;;0,59;-0,01;0,20;100,00;73,05;331,47;2,69;432,28;427,64;;1,97;-0,05;-0,21;0,01;-0,90;33,95;4,24;-37,74;38,74;0,10;-21,42;-46,73;
HETA4;8,36;;1,24;-0,01;0,42;100,00;73,05;331,47;5,62;432,28;427,64;;4,10;-0,11;-0,44;0,01;-0,90;33,95;4,24;-37,74;38,74;0,10;-21,42;-46,73;29.245,52
HGTX3;18,26;2,47;11,45;1,98;1,44;40,99;12,94;21,49;19,02;17,39;-1,63;-0,17;2,46;3,64;-4,01;2,60;17,30;12,57;7,16;0,73;0,27;0,58;-1,59;-7,61;70.313.785,47
HOOT3;0,00;;0,00;0,00;0,00;56,46;-210,70;-249,00;0,00;-0,12;0,02;;0,00;0,00;0,00;0,05;-45,91;-36,40;37,33;-0,79;1,84;0,15;-11,72;;
HOOT4;2,80;;-0,29;-0,13;0,11;56,46;-210,70;-249,00;-0,34;-0,12;0,02;;0,72;-0,09;-0,11;0,05;-45,91;-36,40;37,33;-0,79;1,84;0,15;-11,72;;34.428,07
HYPE3;31,50;3,64;17,46;2,20;1,27;64,89;28,88;29,99;18,13;17,79;-0,34;-0,04;5,24;3,30;-2,64;3,93;12,60;7,29;7,51;0,58;0,42;0,24;3,54;23,65;140.614.624,40
IDVL3;2,48;;-1,65;0,75;0,07;-37,96;-56,27;-104,41;-3,07;-3,08;;;1,73;0,35;-0,20;1,52;-45,09;-4,47;;0,10;0,90;0,04;-32,17;;249.619,60
IDVL4;2,66;;-1,77;0,80;0,08;-37,96;-56,27;-104,41;-3,29;-3,08;;;1,85;0,37;-0,21;1,52;-45,09;-4,47;;0,10;0,90;0,04;-32,17;;43.163,88
IGBR3;3,20;;-0,50;-0,04;0,16;80,50;-149,59;-1.334,49;-4,43;-109,44;-105,00;;6,63;-0,45;-0,16;0,03;-8,83;-32,33;-25,21;-3,66;4,66;0,02;-8,75;;516.439,42
IGSN3;0,00;;0,00;0,00;0,00;39,48;22,92;5,94;0,00;5,67;5,67;1,29;0,00;0,00;0,00;1,22;5,92;2,01;7,55;0,34;0,66;0,34;9,74;21,41;
IGTA3;32,95;1,27;22,80;1,91;0,93;63,93;62,69;36,08;13,12;16,92;3,80;0,56;8,22;7,13;-1,20;2,44;8,40;4,09;5,95;0,49;0,51;0,11;5,50;6,38;70.697.973,93
INEP3;5,84;;-0,10;-0,02;0,03;15,22;-2.431,23;-3.530,94;-0,15;-2,21;-2,06;;3,65;-0,03;-0,04;0,12;-23,02;-32,96;23,55;-1,43;2,43;0,01;-53,72;;41.783,35
INEP4;5,72;;-0,10;-0,02;0,03;15,22;-2.431,23;-3.530,94;-0,15;-2,21;-2,06;;3,57;-0,02;-0,04;0,12;-23,02;-32,96;23,55;-1,43;2,43;0,01;-53,72;;54.388,00
INNT3;0,00;;0,00;0,00;0,00;24,63;9,09;7,71;0,00;4,32;4,32;1,24;0,00;0,00;0,00;2,09;24,45;2,81;6,83;0,12;0,88;0,37;62,50;37,41;
IRBR3;7,12;4,83;-243,08;1,87;0,35;-7,61;-5,78;-0,37;-15,52;-15,52;;;0,90;-11,02;-1,22;0,96;-0,77;-0,14;;0,19;0,81;0,39;17,17;15,00;336.185.540,00
ITEC3;40,10;;-35,12;22,04;9,22;-121,18;-18.852,94;-7.435,88;-13,85;-13,21;0,64;-1,02;2.611,73;25,42;-16,70;5,23;-62,76;-26,24;-174,07;0,42;0,58;0,00;-75,29;;
ITSA3;10,78;5,10;12,95;1,71;1,38;26,41;159,46;139,96;11,37;10,62;0,15;0,02;18,13;23,11;-1,54;2,36;13,24;10,64;12,90;0,80;0,15;0,08;-0,05;5,31;2.916.045,60
ITSA4;9,49;5,79;11,40;1,51;1,21;26,41;159,46;139,96;10,01;10,62;0,15;0,02;15,96;20,34;-1,35;2,36;13,24;10,64;12,90;0,80;0,15;0,08;-0,05;5,31;290.048.528,81
ITUB3;22,56;5,66;11,63;1,68;0,11;53,94;-0,73;9,80;-157,09;-161,08;;;1,14;;-0,12;;14,44;0,97;;0,07;0,93;0,10;8,39;4,93;13.313.540,40
ITUB4;23,72;5,38;12,23;1,77;0,12;53,94;-0,73;9,80;-165,17;-161,08;;;1,20;;-0,12;;14,44;0,97;;0,07;0,93;0,10;8,39;4,93;931.040.611,65
JBDU3;2,47;;-2,85;0,18;0,06;;;;-3,52;-3,75;-1,31;0,07;;-0,39;-0,06;0,00;-6,42;-2,27;-4,88;0,35;0,65;0,00;;;19.250,35
JBDU4;1,34;;-1,55;0,10;0,04;;;;-1,91;-3,75;-1,31;0,07;;-0,21;-0,04;0,00;-6,42;-2,27;-4,88;0,35;0,65;0,00;;;75.399,56
JBSS3;22,34;2,42;249,87;1,65;0,37;17,13;8,15;0,10;3,13;6,00;2,87;1,51;0,26;2,14;-0,60;1,80;0,66;0,15;14,32;0,22;0,76;1,44;11,17;21,85;402.051.510,47
JFEN3;4,33;;-1,12;1,36;0,26;-62,75;-409,71;-411,44;-1,13;-2,62;-1,49;1,79;4,61;0,94;-1,33;1,52;-120,90;-23,17;-46,98;0,19;0,85;0,06;-36,70;;374.595,33
JHSF3;7,11;2,28;8,40;1,50;0,77;56,85;108,42;73,34;5,68;6,54;0,86;0,23;6,16;7,77;-0,92;2,44;17,89;9,12;14,62;0,51;0,48;0,12;1,62;49,95;128.878.230,42
JOPA3;27,00;0,53;10,53;0,55;0,15;28,84;7,02;2,10;3,15;9,70;6,55;1,15;0,22;0,54;-0,42;1,73;5,23;1,41;4,34;0,27;0,64;0,67;3,46;-6,68;10.700,67
JOPA4;28,00;0,56;10,92;0,57;0,15;28,84;7,02;2,10;3,26;9,70;6,55;1,15;0,23;0,56;-0,44;1,73;5,23;1,41;4,34;0,27;0,64;0,67;3,46;-6,68;20.288,25
JPSA3;24,00;0,57;21,03;1,36;0,33;63,98;58,58;14,16;5,08;9,29;4,21;1,13;2,98;2,60;-0,43;2,35;6,47;1,58;5,38;0,24;0,52;0,11;5,51;;5.274.934,07
JSLG3;31,63;0,77;27,42;4,69;0,29;20,74;8,93;2,49;7,63;17,98;10,35;6,35;0,68;0,90;-0,59;2,69;17,09;1,06;3,61;0,06;0,89;0,43;11,83;34,48;29.958.531,49
KEPL3;44,93;0,88;19,39;2,41;1,62;25,49;12,34;11,08;17,41;16,34;-1,07;-0,15;2,15;8,55;-3,05;1,68;12,41;8,37;9,96;0,67;0,33;0,76;-8,42;-22,30;5.593.319,07
KLBN11;25,68;1,91;-10,17;10,22;0,77;36,77;27,31;-26,09;9,72;16,81;7,09;7,46;2,65;2,38;-1,25;5,65;-100,49;-7,53;2,33;0,07;0,91;0,29;15,98;-0,43;133.624.450,91
KLBN3;5,40;1,82;-10,69;10,75;0,80;36,77;27,31;-26,09;10,22;16,81;7,09;7,46;2,79;2,51;-1,32;5,65;-100,49;-7,53;2,33;0,07;0,91;0,29;15,98;-0,43;1.689.926,98
KLBN4;5,04;1,95;-9,98;10,03;0,75;36,77;27,31;-26,09;9,54;16,81;7,09;7,46;2,60;2,34;-1,23;5,65;-100,49;-7,53;2,33;0,07;0,91;0,29;15,98;-0,43;7.438.635,26
LAME3;27,38;0,67;86,86;9,46;1,45;35,59;9,37;2,98;27,67;34,99;4,16;1,42;2,59;5,16;-3,50;1,93;10,89;1,67;6,13;0,15;0,78;0,56;3,26;10,35;73.049.030,33
LAME4;32,20;0,57;102,15;11,13;1,71;35,59;9,37;2,98;32,54;34,99;4,16;1,42;3,05;6,07;-4,11;1,93;10,89;1,67;6,13;0,15;0,78;0,56;3,26;10,35;398.944.664,79
LCAM3;20,35;1,75;41,83;2,63;0,92;25,17;12,97;5,24;16,89;22,52;5,63;0,87;2,19;11,41;-1,25;1,43;6,28;2,19;6,15;0,35;0,65;0,42;50,13;68,64;57.691.966,79
LEVE3;16,97;3,76;18,54;1,67;0,84;23,53;8,33;5,40;12,02;13,03;1,01;0,14;1,00;4,03;-1,83;1,63;9,03;4,55;8,54;0,50;0,50;0,84;1,60;5,40;8.720.145,14
LHER3;0,00;;0,00;0,00;0,00;63,41;22,35;10,99;0,00;-3,77;-3,77;-0,15;0,00;0,00;0,00;6,36;1,95;0,67;3,94;0,34;0,66;0,06;4,31;-51,59;
LHER4;0,00;;0,00;0,00;0,00;63,41;22,35;10,99;0,00;-3,77;-3,77;-0,15;0,00;0,00;0,00;6,36;1,95;0,67;3,94;0,34;0,66;0,06;4,31;-51,59;
LIGT3;15,07;;3,59;0,69;0,19;24,70;7,88;9,94;4,53;12,46;7,93;1,20;0,36;6,53;-0,25;1,14;19,10;5,28;2,79;0,28;0,72;0,53;7,79;14,91;43.701.557,44
LINX3;35,55;0,32;2.262,60;4,01;2,71;65,82;5,10;0,35;156,90;149,82;-7,08;-0,18;8,01;11,80;-4,57;2,30;0,18;0,12;1,15;0,68;0,32;0,34;16,40;-10,47;106.453.967,09
LIPR3;75,00;;27,41;4,45;3,86;;;;30,02;26,95;-3,07;-0,46;;12,45;-6,56;4,03;16,23;14,08;14,13;0,87;0,13;0,00;;;104.023,60
LJQQ3;13,65;;673,39;17,06;1,50;39,45;6,28;0,30;31,80;33,31;1,52;0,81;2,00;6,40;-4,62;1,53;2,53;0,22;13,11;0,09;0,91;0,75;;;62.497.158,38
LLIS3;5,25;;-0,95;0,49;0,14;39,14;-146,34;-53,45;-0,35;-1,78;-1,43;2,03;0,51;-0,74;-0,19;0,56;-51,95;-14,85;-69,96;0,29;0,71;0,28;4,50;;1.724.009,88
LOGG3;30,98;0,68;31,69;1,07;0,79;98,58;135,08;73,33;17,20;19,20;1,99;0,12;23,24;6,18;-0,97;3,04;3,38;2,48;3,54;0,73;0,26;0,03;13,50;-19,27;14.365.215,56
LOGN3;18,82;;-14,91;9,77;1,00;16,89;13,29;-12,69;14,23;19,76;5,53;3,80;1,89;3,30;-1,86;2,85;-65,56;-6,69;7,87;0,10;0,90;0,53;1,55;;16.540.542,84
LPSB3;4,75;;-44,05;4,36;1,88;84,40;11,25;-10,94;42,81;34,59;-8,22;-0,84;4,82;6,16;-3,51;2,92;-9,90;-4,27;2,40;0,43;0,58;0,39;-13,72;;9.008.408,28
LREN3;43,44;0,74;36,46;7,37;2,94;61,47;14,95;9,92;24,18;24,72;0,54;0,16;3,62;19,25;-6,72;1,37;20,22;8,07;15,13;0,40;0,60;0,81;12,95;18,45;331.097.511,49
LTEL3B;0,00;;0,00;0,00;0,00;;;;0,00;0,12;0,12;0,10;;0,00;0,00;13,53;70,35;59,53;59,81;0,85;0,15;0,00;;;
LUPA3;2,16;;-0,61;0,74;0,11;47,96;212,94;545,31;-1,57;-6,16;-4,59;2,16;;0,43;-0,18;2,91;-120,47;-17,94;-15,45;0,15;0,85;-0,03;-38,92;;1.507.110,09
LUXM3;0,00;;0,00;0,00;0,00;28,10;15,37;12,47;0,00;8,62;0,84;0,14;0,00;0,00;0,00;2,12;13,32;7,93;9,02;0,59;0,41;0,64;13,39;26,08;
LUXM4;47,55;12,78;17,19;2,29;1,36;28,10;15,37;12,47;13,95;8,62;0,84;0,14;2,14;7,75;-2,04;2,12;13,32;7,93;9,02;0,59;0,41;0,64;13,39;26,08;136.020,29
LWSA3;61,44;;486,80;12,00;6,53;41,54;10,96;3,70;164,51;156,70;-7,80;-0,57;18,03;16,19;-23,00;2,29;2,46;1,34;4,48;0,54;0,46;0,36;;;87.933.704,40
MAPT3;65,00;;-339,36;-10,56;77,27;;;;-343,27;-297,89;0,00;;;-1.218,94;-77,27;0,00;-3,11;-22,77;3,08;-7,32;8,32;0,00;;;
MAPT4;48,00;;-250,61;-7,80;57,06;;;;-253,49;-297,89;0,00;;;-900,14;-57,06;0,00;-3,11;-22,77;3,08;-7,32;8,32;0,00;;;116.529,32
MDIA3;35,50;0,71;17,47;1,93;1,27;35,74;10,10;10,18;17,60;18,18;0,58;0,06;1,78;8,48;-2,11;1,61;11,05;7,29;7,97;0,66;0,34;0,72;5,91;-1,46;38.649.744,47
MDNE3;8,85;;-4,37;0,76;0,36;31,37;-29,52;-64,63;-9,57;-11,11;-1,54;0,12;2,83;1,28;-0,72;2,21;-17,39;-8,12;-6,73;0,47;0,54;0,13;-13,69;;6.659.572,44
MEAL3;3,70;;-19,63;0,86;0,38;30,47;0,47;-3,36;140,41;177,08;36,67;0,22;0,66;-3,00;-0,47;0,59;-4,39;-1,94;0,29;0,44;0,56;0,58;29,56;;64.581.027,19
MERC3;21,01;0,59;34,74;1,53;1,01;74,44;22,64;16,09;24,69;20,07;;;5,59;4,35;-1,99;1,90;4,41;2,92;;0,66;0,34;0,18;-19,89;58,90;7.786,25
MERC4;11,96;4,13;19,78;0,87;0,58;74,44;22,64;16,09;14,06;20,07;;;3,18;2,48;-1,13;1,90;4,41;2,92;;0,66;0,34;0,18;-19,89;58,90;78.688,03
MGEL3;0,00;;0,00;0,00;0,00;14,48;6,46;-23,66;0,00;21,99;21,35;;0,00;0,00;0,00;2,23;-26,08;-30,55;10,18;-1,17;2,17;1,29;4,34;;
MGEL4;5,70;;-0,27;-0,07;0,08;14,48;6,46;-23,66;1,00;21,99;21,35;;0,06;0,30;-0,17;2,23;-26,08;-30,55;10,18;-1,17;2,17;1,29;4,34;;64.015,98
MGLU3;93,35;0,22;410,62;20,38;7,38;27,69;3,82;1,67;179,85;178,29;-1,56;-0,18;6,88;40,89;-20,83;1,39;4,96;1,80;8,63;0,36;0,64;1,07;15,25;48,29;965.226.177,58
MILS3;6,84;;-48,31;1,58;1,18;39,32;-5,79;-7,24;-60,49;-58,81;1,68;-0,04;3,50;5,98;-1,72;2,70;-3,26;-2,44;-2,54;0,75;0,25;0,34;-11,16;;18.182.668,14
MMAQ3;0,00;;0,00;0,00;0,00;7,41;6,69;6,03;0,00;-1,67;-1,67;-0,31;0,00;0,00;0,00;2,75;16,61;11,46;14,02;0,69;0,31;1,90;11,72;15,69;
MMAQ4;0,00;;0,00;0,00;0,00;7,41;6,69;6,03;0,00;-1,67;-1,67;-0,31;0,00;0,00;0,00;2,75;16,61;11,46;14,02;0,69;0,31;1,90;11,72;15,69;
MMXM3;1,76;;-0,09;-0,01;0,09;-2,34;-4.527,34;-50.025,00;-0,99;-21,77;-20,79;;44,61;-0,01;-0,11;0,03;-15,99;-102,49;2,76;-6,41;7,42;0,00;-67,19;;38.788,51
MNDL3;23,15;;-2,36;-0,39;0,05;32,44;7,72;-5,29;1,62;6,73;5,11;;0,12;-0,09;-0,07;0,29;-16,63;-2,31;81,81;-0,14;1,14;0,44;5,04;;93.612,92
MNPR3;5,67;;-2,17;-0,11;0,18;28,55;16,01;-7,69;1,04;1,03;-0,02;;0,17;-0,10;-0,30;0,17;-4,94;-8,50;-10,18;-1,72;2,72;1,11;4,71;;116.198,91
MOAR3;205,00;2,43;-36,86;2,87;1,67;77,46;-14.898,21;-7.605,25;-18,81;-16,99;1,83;-0,28;2.803,01;6,78;-2,79;2,61;-7,78;-4,54;-15,30;0,58;0,42;0,00;-25,48;-11,37;120.579,22
MOVI3;16,25;1,81;149,05;2,23;0,65;22,67;4,64;0,79;25,38;35,93;10,54;0,93;1,18;10,90;-1,01;1,20;1,50;0,44;2,84;0,29;0,71;0,55;133,51;116,71;48.645.334,53
MRFG3;17,80;;7,99;34,48;0,34;17,21;11,36;2,67;1,88;4,55;2,67;49,12;0,21;3,05;-0,59;1,37;431,39;4,31;22,35;0,01;0,93;1,61;26,24;;223.404.383,95
MRSA3B;32,16;2,13;33,86;2,63;1,05;23,77;24,18;10,22;14,30;;2,48;0,46;3,46;69,22;-1,25;1,10;7,77;3,09;8,23;0,40;0,60;0,30;0,88;5,85;6.616,86
MRSA5B;20,00;3,77;21,05;1,64;0,65;23,77;24,18;10,22;8,89;;2,48;0,46;2,15;43,05;-0,78;1,10;7,77;3,09;8,23;0,40;0,60;0,30;0,88;5,85;2.000,00
MRSA6B;20,00;3,77;21,05;1,64;0,65;23,77;24,18;10,22;8,89;;2,48;0,46;2,15;43,05;-0,78;1,10;7,77;3,09;8,23;0,40;0,60;0,30;0,88;5,85;2.000,00
MRVE3;18,05;4,10;16,58;1,59;0,51;28,82;10,27;8,53;13,77;18,70;4,93;0,57;1,41;1,70;-1,00;2,53;9,60;3,07;4,68;0,32;0,66;0,36;7,66;-0,09;87.362.989,19
MSPA3;49,70;;-5,85;0,37;0,22;28,28;-49,36;-51,20;-6,07;-6,52;-0,47;0,03;3,00;4,61;-0,24;2,74;-6,26;-3,81;-5,77;0,61;0,39;0,07;-14,68;;9.894,50
MSPA4;48,50;;-5,71;0,36;0,22;28,28;-49,36;-51,20;-5,92;-6,52;-0,47;0,03;2,92;4,50;-0,24;2,74;-6,26;-3,81;-5,77;0,61;0,39;0,07;-14,68;;14.789,50
MSRO3;0,01;;0,48;0,01;0,00;33,06;21,61;0,57;0,01;6,81;6,80;2,81;0,00;-0,01;0,00;0,74;1,09;0,22;9,35;0,20;0,80;0,38;15,89;-13,57;
MTIG3;0,00;;0,00;0,00;0,00;12,49;-4,54;8,03;0,00;-11,33;-10,17;2,06;0,00;0,00;0,00;0,48;35,81;8,78;-46,10;0,25;0,75;1,09;10,03;;
MTIG4;45,00;;0,98;0,35;0,09;12,49;-4,54;8,03;-1,74;-11,33;-10,17;2,06;0,08;-0,27;-0,12;0,48;35,81;8,78;-46,10;0,25;0,75;1,09;10,03;;18.500,73
MTRE3;14,40;;106,30;1,57;1,24;30,77;5,56;4,84;92,60;46,05;-46,55;-0,79;5,15;1,72;-8,61;6,41;1,48;1,17;1,06;0,79;0,21;0,24;;;10.898.326,70
MTSA3;34,69;2,08;7,97;1,17;0,83;26,88;16,11;12,99;6,42;4,72;-0,72;-0,13;1,04;1,64;-3,51;2,96;14,66;10,41;9,28;0,71;0,29;0,80;4,06;-2,01;7.000,00
MTSA4;24,85;3,22;5,71;0,84;0,59;26,88;16,11;12,99;4,60;4,72;-0,72;-0,13;0,74;1,18;-2,51;2,96;14,66;10,41;9,28;0,71;0,29;0,80;4,06;-2,01;185.875,84
MULT3;21,03;1,36;24,66;2,15;1,20;79,65;61,64;40,71;16,28;19,42;3,14;0,41;10,04;18,31;-1,42;1,73;8,71;4,87;6,70;0,56;0,44;0,12;3,23;4,98;129.874.271,16
MWET3;61,50;;-3,99;-0,59;0,72;10,41;-6,45;-20,63;-12,78;-12,53;-7,33;;0,82;-1,00;-0,95;0,25;-14,73;-18,13;7,39;-1,23;2,24;0,88;-1,75;;167.274,87
MWET4;6,80;;-0,44;-0,07;0,08;10,41;-6,45;-20,63;-1,41;-12,53;-7,33;;0,09;-0,11;-0,11;0,25;-14,73;-18,13;7,39;-1,23;2,24;0,88;-1,75;;818.859,63
MYPK3;11,50;5,77;-9,86;0,47;0,15;7,23;1,02;-2,17;20,97;64,11;43,13;0,97;0,21;2,30;-0,24;1,21;-4,76;-1,51;0,72;0,32;0,66;0,70;11,12;28,99;29.186.490,67
NAFG3;64,37;;11,80;2,76;1,15;41,15;16,49;9,34;6,68;7,86;1,17;0,48;1,10;3,20;-2,87;2,52;23,42;9,77;15,89;0,42;0,58;1,05;7,87;33,76;9.648,50
NAFG4;64,42;;11,81;2,76;1,15;41,15;16,49;9,34;6,69;7,86;1,17;0,48;1,10;3,20;-2,87;2,52;23,42;9,77;15,89;0,42;0,58;1,05;7,87;33,76;77.304,00
NEMO3;0,00;;0,00;0,00;0,00;28,72;18,93;-16,92;0,00;;12,56;90,89;0,00;0,00;0,00;1,58;-646,83;-4,46;-5,25;0,01;0,98;0,26;29,06;;
NEMO5;0,00;;0,00;0,00;0,00;28,72;18,93;-16,92;0,00;;12,56;90,89;0,00;0,00;0,00;1,58;-646,83;-4,46;-5,25;0,01;0,98;0,26;29,06;;
NEMO6;0,00;;0,00;0,00;0,00;28,72;18,93;-16,92;0,00;;12,56;90,89;0,00;0,00;0,00;1,58;-646,83;-4,46;-5,25;0,01;0,98;0,26;29,06;;
NEOE3;18,54;2,20;10,15;1,12;0,37;22,83;14,71;7,88;5,43;10,70;5,27;1,09;0,80;6,61;-0,50;1,28;11,04;3,66;7,26;0,33;0,66;0,46;18,25;24,34;52.897.036,23
NORD3;5,50;;-12.139,39;-0,26;2,14;91,86;205,04;-0,19;11,47;23,16;11,69;;23,53;-0,76;-2,28;0,02;0,00;-0,02;-3,11;-8,19;9,19;0,09;;;23.794,17
NRTQ3;0,00;;0,00;0,00;0,00;26,96;13,95;9,21;0,00;-0,97;-0,97;-0,17;0,00;0,00;0,00;2,70;11,54;7,61;12,15;0,66;0,34;0,83;8,13;4,81;
NTCO3;49,29;0,26;-54,95;2,66;1,01;66,80;1,44;-4,96;188,77;229,38;40,61;0,57;2,73;14,69;-1,40;1,33;-4,83;-1,84;0,16;0,38;0,62;0,37;14,29;-26,83;303.170.174,37
NUTR3;277,99;;0,94;2,61;0,59;20,59;3,00;56,48;17,70;21,76;4,05;0,60;0,53;2,91;-1,20;1,68;277,92;63,33;-44,61;0,23;0,77;1,12;7,39;;233.917,16
ODER4;0,00;;0,00;0,00;0,00;30,49;14,94;7,88;0,00;1,66;1,66;0,60;0,00;0,00;0,00;1,84;19,11;8,31;20,26;0,43;0,57;1,05;3,77;27,10;
ODPV3;12,81;3,26;21,49;5,59;3,46;57,06;24,67;17,64;15,36;13,60;-1,77;-0,64;3,79;15,00;-7,27;1,78;26,02;16,08;24,78;0,62;0,38;0,91;9,37;7,87;27.412.518,42
OFSA3;27,98;0,06;30,02;2,93;1,63;49,89;9,87;7,91;24,08;27,11;3,03;0,37;2,38;6,92;-3,44;1,82;9,74;5,44;7,05;0,56;0,44;0,69;13,61;3,92;467.684,70
OGXP3;1,63;;-2,15;-0,98;0,92;;;;-9,26;-9,26;0,00;;;-0,98;;0,51;-45,53;-43,02;10,57;-0,94;1,94;0,00;;;
OIBR3;1,70;;-0,57;1,25;0,14;21,92;-19,69;-92,15;-2,68;-8,01;-5,31;2,49;0,53;1,39;-0,19;1,61;-219,17;-24,20;-11,35;0,11;0,89;0,26;-6,55;;439.518.121,93
OIBR4;2,38;;-0,80;1,75;0,19;21,92;-19,69;-92,15;-3,75;-8,01;-5,31;2,49;0,74;1,95;-0,26;1,61;-219,17;-24,20;-11,35;0,11;0,89;0,26;-6,55;;37.277.733,93
OMGE3;40,55;0,22;280,73;2.525,35;899,96;39,70;45,28;3,04;18,84;18,85;0,01;1,36;8,53;11.840,48;-1.031,64;2,47;899,57;320,58;4.590,27;0,36;0,64;105,49;54,71;4,35;33.052.326,09
OSXB3;4,55;;-0,03;0,00;0,01;97,76;-1.864,93;-4.776,36;-0,07;-22,10;-22,03;;1,33;-0,03;-0,01;0,03;-10,83;-25,65;69,41;-2,37;3,37;0,01;-56,03;;41.608,51
PARD3;25,80;0,93;30,61;4,72;1,81;26,98;13,03;8,90;20,92;21,77;0,86;0,19;2,73;13,43;-2,85;1,59;15,43;5,92;11,25;0,38;0,62;0,66;14,21;13,42;20.566.647,05
PATI3;22,01;;3,82;0,78;0,36;12,76;11,89;10,17;3,26;3,66;0,34;0,08;0,39;0,74;-1,57;2,64;20,37;9,32;7,46;0,46;0,54;0,92;7,35;2,78;146.444,84
PATI4;30,00;;5,20;1,06;0,48;12,76;11,89;10,17;4,45;3,66;0,34;0,08;0,53;1,01;-2,13;2,64;20,37;9,32;7,46;0,46;0,54;0,92;7,35;2,78;81.813,18
PCAR3;63,50;0,92;41,76;1,36;0,27;21,37;3,24;0,57;7,38;11,67;4,29;0,79;0,24;-38,81;-0,41;0,98;3,25;0,65;6,08;0,20;0,75;1,13;-2,84;-12,00;129.264.167,60
PCAR4;72,11;;47,43;1,54;0,31;21,37;3,24;0,57;8,38;11,67;4,29;0,79;0,27;-44,08;-0,46;0,98;3,25;0,65;6,08;0,20;0,75;1,13;-2,84;-12,00;132.993.317,74
PDGR3;4,01;;-0,04;-0,01;0,02;7,14;-156,52;-378,15;-0,10;-5,15;-5,05;;0,16;-0,01;-0,08;0,36;-14,79;-42,46;9,75;-2,87;3,91;0,11;-41,16;;372.125,21
PDTC3;5,81;;94,39;5,20;1,33;40,71;22,74;20,28;84,17;86,65;2,48;0,15;19,14;5,10;-4,79;1,57;5,51;1,41;2,95;0,26;0,74;0,07;;;2.499.665,14
PEAB3;60,00;6,04;1.917,95;1,62;1,22;27,37;2,21;0,11;92,59;83,44;-12,24;-0,21;2,05;3,87;-2,18;3,55;0,08;0,06;-0,31;0,75;0,24;0,60;8,71;26,97;12.612,25
PEAB4;64,00;6,23;2.045,82;1,73;1,30;27,37;2,21;0,11;98,77;83,44;-12,24;-0,21;2,18;4,13;-2,32;3,55;0,08;0,06;-0,31;0,75;0,24;0,60;8,71;26,97;9.200,00
PETR3;22,40;1,96;-8,60;1,20;0,29;40,99;-2,80;-11,92;-36,61;-85,14;-48,86;1,61;1,02;5,06;-0,36;1,40;-14,00;-3,35;-3,01;0,24;0,76;0,28;-2,17;;336.080.568,19
PETR4;21,94;2,84;-8,42;1,18;0,28;40,99;-2,80;-11,92;-35,86;-85,14;-48,86;1,61;1,00;4,96;-0,35;1,40;-14,00;-3,35;-3,01;0,24;0,76;0,28;-2,17;;1.270.745.017,14
PFRM3;5,16;;40,74;0,64;0,19;14,27;1,32;0,30;9,28;17,47;8,19;0,56;0,12;1,42;-0,55;1,25;1,57;0,46;3,19;0,29;0,71;1,54;6,84;;7.516.284,56
PINE3;0,00;;0,00;0,00;0,00;28,34;-21,73;-4,40;0,00;-0,93;;;0,00;0,00;0,00;0,73;-5,22;-0,37;;0,07;0,93;0,08;-1,08;;
PINE4;2,80;;-9,41;0,49;0,04;28,34;-21,73;-4,40;-1,90;-0,93;;;0,41;-0,37;-0,05;0,73;-5,22;-0,37;;0,07;0,93;0,08;-1,08;;919.761,19
PLAS3;4,75;;1,86;-0,43;0,10;5,75;0,68;8,75;24,00;83,62;59,62;;0,16;-0,47;-0,12;0,45;-23,29;5,48;4,19;-0,24;1,24;0,63;-9,15;;27.420,80
PMAM3;11,30;;-0,52;-2,46;0,13;-1,90;-3,00;-20,84;-3,65;-23,95;-20,30;;0,11;-0,23;-0,22;0,42;-468,79;-24,41;-12,18;-0,05;1,05;1,17;2,00;;2.142.535,51
PNVL3;25,12;0,42;61,04;7,12;2,40;28,21;3,59;2,18;37,06;41,30;4,67;0,90;1,33;10,72;-6,09;1,58;11,67;3,93;8,86;0,34;0,66;1,80;7,62;9,23;21.237.739,60
PNVL4;21,75;0,54;52,85;6,17;2,07;28,21;3,59;2,18;32,09;41,30;4,67;0,90;1,15;9,28;-5,27;1,58;11,67;3,93;8,86;0,34;0,66;1,80;7,62;9,23;850.860,30
POMO3;2,70;4,74;23,13;1,04;0,44;15,46;5,53;2,77;11,58;17,82;5,92;0,53;0,64;1,88;-0,92;1,82;4,48;1,90;4,26;0,43;0,56;0,69;4,88;-1,10;812.976,93
POMO4;2,82;4,54;24,15;1,08;0,46;15,46;5,53;2,77;12,09;17,82;5,92;0,53;0,67;1,96;-0,96;1,82;4,48;1,90;4,26;0,43;0,56;0,69;4,88;-1,10;27.783.224,58
POSI3;4,90;0,66;116,93;0,79;0,29;21,16;2,20;0,33;17,43;24,29;6,86;0,31;0,38;1,11;-1,42;1,50;0,68;0,25;2,00;0,37;0,63;0,76;-3,86;-2,17;18.903.006,63
PPAR3;250.020,00;;-196.824,26;529,99;388,77;;;;-110.787,31;-110.773,17;14,14;-0,07;;7.523,99;-410,06;205,92;-0,27;-0,20;-0,48;0,73;0,27;0,00;;12,45;
PPLA11;14,43;;-32,01;1.562,14;1.562,14;;;;-32,01;-32,01;;;;;-1.562,14;;-4.880,77;-4.880,77;;1,00;0,00;0,00;;;67.557,28
PRIO3;41,62;;12,78;2,33;0,90;29,48;61,69;31,58;6,54;9,24;2,70;0,96;4,03;150,40;-1,14;1,03;18,27;7,08;17,00;0,39;0,61;0,22;27,56;;133.034.475,47
PRNR3;9,35;;-20,59;1,65;1,05;10,59;0,17;-6,01;743,57;598,95;-144,62;-0,32;1,24;2,04;-3,66;3,56;-8,03;-5,09;-4,25;0,63;0,37;0,85;;;3.717.045,16
PSSA3;52,80;4,20;10,78;2,01;0,52;100,00;7,61;8,77;12,42;2,49;-9,93;-1,61;0,95;2,31;-2,18;1,41;18,64;4,79;6,68;0,26;0,74;0,55;4,76;9,50;51.131.737,51
PTBL3;4,48;0,88;8,99;1,73;0,36;30,91;4,21;7,09;15,13;25,10;9,97;1,14;0,64;4,13;-0,63;1,25;19,20;4,02;-1,73;0,21;0,79;0,57;3,26;-32,43;6.971.256,84
PTCA11;0,00;;0,00;0,00;0,00;45,07;10,47;7,01;0,00;;2,33;0,73;0,00;0,00;0,00;1,56;21,14;7,50;11,76;0,35;0,65;1,07;;;
PTCA3;0,00;;0,00;0,00;0,00;45,07;10,47;7,01;0,00;;2,33;0,73;0,00;0,00;0,00;1,56;21,14;7,50;11,76;0,35;0,65;1,07;;;
PTNT3;6,65;1,09;14,59;1,27;0,46;13,54;7,78;3,82;7,15;8,48;2,58;0,46;0,56;5,60;-0,90;1,20;8,68;3,16;8,83;0,36;0,55;0,83;7,68;26,78;52.909,55
PTNT4;4,90;1,48;10,75;0,93;0,34;13,54;7,78;3,82;5,27;8,48;2,58;0,46;0,41;4,12;-0,66;1,20;8,68;3,16;8,83;0,36;0,55;0,83;7,68;26,78;127.710,86
QUAL3;31,25;0,01;23,22;5,89;2,55;81,27;28,92;18,88;15,15;16,35;1,20;0,47;4,38;15,32;-3,71;2,12;25,39;10,97;15,85;0,43;0,57;0,58;6,05;22,49;128.964.592,12
QUSW3;0,00;;0,00;0,00;0,00;26,56;11,50;3,69;0,00;0,68;0,68;0,22;0,00;0,00;0,00;1,31;10,53;4,20;12,29;0,40;0,60;1,14;27,25;9,12;
QVQP3B;0,00;;0,00;0,00;0,00;;;;0,00;1,26;1,26;-0,94;;0,00;0,00;;-73,18;-73,18;-74,30;1,00;0,00;0,00;;;
RADL3;108,10;0,61;50,07;8,79;2,80;29,30;5,80;3,79;32,77;34,11;1,34;0,36;1,90;16,81;-5,40;1,53;17,55;5,59;18,57;0,32;0,68;1,47;18,90;28,93;157.475.217,81
RAIL3;22,65;;60,07;4,94;1,00;34,96;31,19;10,02;19,29;25,00;5,70;1,46;6,02;16,88;-1,21;1,52;8,23;1,67;7,70;0,20;0,79;0,17;14,09;;218.365.331,70
RANI3;4,65;0,98;-43,93;3,23;0,76;33,01;25,93;-3,02;5,12;8,17;2,91;1,84;1,33;10,51;-1,12;1,29;-7,35;-1,73;15,88;0,24;0,76;0,57;4,01;;9.982.270,74
RANI4;7,25;0,63;-68,50;5,03;1,19;33,01;25,93;-3,02;7,98;8,17;2,91;1,84;2,07;16,39;-1,75;1,29;-7,35;-1,73;15,88;0,24;0,76;0,57;4,01;;128.513,70
RAPT3;8,90;2,93;16,22;1,76;0,45;23,03;9,26;3,99;6,99;10,60;2,61;0,66;0,65;1,20;-1,15;2,52;10,87;2,75;5,70;0,25;0,67;0,69;6,15;4,06;96.421,33
RAPT4;10,82;2,41;19,72;2,14;0,54;23,03;9,26;3,99;8,50;10,60;2,61;0,66;0,79;1,46;-1,40;2,52;10,87;2,75;5,70;0,25;0,67;0,69;6,15;4,06;34.225.046,00
RCSL3;2,02;;-47,97;-2,24;4,03;22,71;0,89;-16,46;890,48;726,06;-3,22;;7,89;-12,76;-6,47;0,54;-4,67;-8,41;-0,25;-1,80;2,81;0,51;55,45;;123.041,33
RCSL4;1,47;;-34,91;-1,63;2,94;22,71;0,89;-16,46;648,03;726,06;-3,22;;5,74;-9,28;-4,71;0,54;-4,67;-8,41;-0,25;-1,80;2,81;0,51;55,45;;9.465.902,16
RDNI3;10,19;0,09;82,20;0,74;0,29;27,58;6,38;1,53;19,75;36,13;16,38;0,61;1,26;1,62;-0,48;1,79;0,90;0,35;1,22;0,39;0,61;0,23;-14,86;-56,14;515.915,21
REDE3;10,49;1,23;43,96;5,98;1,06;19,31;13,14;4,64;15,54;20,38;4,84;1,86;2,04;17,36;-1,51;1,25;13,60;2,40;8,54;0,18;0,76;0,52;17,93;-10,54;17.886,60
RENT3;48,03;0,79;48,32;6,67;1,91;24,93;14,61;7,75;25,62;31,29;5,67;1,48;3,74;15,41;-2,50;2,13;13,80;3,96;7,30;0,29;0,71;0,51;21,24;15,22;337.093.512,60
RLOG3;21,40;;51,35;4,10;0,24;34,96;31,10;2,77;4,57;10,29;5,72;5,13;1,42;3,99;-0,29;1,52;7,99;0,46;7,67;0,06;0,79;0,17;50,58;42,36;23.425.239,86
RNEW11;9,30;;-0,25;-0,11;0,06;61,75;-207,44;-1.128,63;-1,38;-17,89;-16,51;;2,86;-0,04;-0,06;0,03;-44,58;-21,75;-21,35;-0,49;1,49;0,02;-20,17;;96.375,33
RNEW3;3,26;;-0,27;-0,12;0,06;61,75;-207,44;-1.128,63;-1,45;-17,89;-16,51;;3,01;-0,05;-0,06;0,03;-44,58;-21,75;-21,35;-0,49;1,49;0,02;-20,17;;70.037,19
RNEW4;3,00;;-0,25;-0,11;0,05;61,75;-207,44;-1.128,63;-1,34;-17,89;-16,51;;2,77;-0,04;-0,06;0,03;-44,58;-21,75;-21,35;-0,49;1,49;0,02;-20,17;;128.037,40
ROMI3;12,05;10,37;7,66;0,94;0,49;29,23;7,72;11,79;11,70;16,19;4,49;0,36;0,90;1,95;-1,15;1,79;12,22;6,44;4,97;0,53;0,47;0,55;3,37;76,10;3.479.486,44
RPAD3;5,90;0,01;11,15;0,49;0,48;95,00;20.242,27;20.369,09;11,22;;-0,19;-0,01;2.271,02;-141,42;-0,49;0,73;4,37;4,32;4,35;0,99;0,01;0,00;4,29;4,48;22.208,24
RPAD5;8,51;6,18;16,08;0,70;0,69;95,00;20.242,27;20.369,09;16,18;;-0,19;-0,01;3.275,66;-203,98;-0,70;0,73;4,37;4,32;4,35;0,99;0,01;0,00;4,29;4,48;12.303,92
RPAD6;5,52;0,01;10,43;0,46;0,45;95,00;20.242,27;20.369,09;10,50;;-0,19;-0,01;2.124,76;-132,31;-0,45;0,73;4,37;4,32;4,35;0,99;0,01;0,00;4,29;4,48;8.348,39
RPMG3;2,90;;-0,72;-0,07;0,07;1,56;-18,59;-21,07;-0,81;-0,81;0,00;;0,15;-0,08;-0,90;0,49;-9,53;-10,35;8,41;-1,09;2,09;0,49;37,84;;353.950,60
RSID3;5,61;;-0,29;-0,15;0,05;-15,42;-821,80;-957,49;-0,34;-5,04;-4,70;;2,79;-0,09;-0,08;0,40;-50,71;-17,47;-40,97;-0,34;1,35;0,02;-48,12;;1.239.050,00
RSUL3;0,00;;0,00;0,00;0,00;33,69;17,43;11,04;0,00;1,32;0,08;0,40;0,00;0,00;0,00;0,54;305,14;9,12;232,80;0,03;0,97;0,83;4,32;19,67;
RSUL4;145,93;;4,76;14,52;0,43;33,69;17,43;11,04;3,01;1,32;0,08;0,40;0,53;-1,65;-0,63;0,54;305,14;9,12;232,80;0,03;0,97;0,83;4,32;19,67;19.976,50
SANB11;28,50;9,84;7,00;1,06;0,12;64,36;5,43;22,00;28,35;28,35;;;1,54;;-0,13;;15,14;1,77;;0,12;0,88;0,08;4,33;23,85;81.961.356,12
SANB3;13,58;9,84;6,67;1,01;0,12;64,36;5,43;22,00;27,01;28,35;;;1,47;;-0,12;;15,14;1,77;;0,12;0,88;0,08;4,33;23,85;2.488.711,12
SANB4;14,36;10,23;7,05;1,07;0,12;64,36;5,43;22,00;28,56;28,35;;;1,55;;-0,13;;15,14;1,77;;0,12;0,88;0,08;4,33;23,85;2.637.513,88
SAPR11;26,64;3,86;6,88;1,24;0,63;61,00;35,81;23,78;4,57;6,15;1,58;0,43;1,64;22,98;-0,73;1,25;18,03;9,13;13,25;0,51;0,49;0,38;12,53;20,70;77.698.916,40
SAPR3;5,53;3,44;7,14;1,29;0,65;61,00;35,81;23,78;4,74;6,15;1,58;0,43;1,70;23,85;-0,76;1,25;18,03;9,13;13,25;0,51;0,49;0,38;12,53;20,70;1.990.383,70
SAPR4;5,29;3,96;6,83;1,23;0,62;61,00;35,81;23,78;4,54;6,15;1,58;0,43;1,62;22,81;-0,72;1,25;18,03;9,13;13,25;0,51;0,49;0,38;12,53;20,70;19.446.884,65
SBSP3;47,64;2,89;16,40;1,53;0,67;43,62;32,08;10,69;5,46;7,65;2,18;0,61;1,75;-46,53;-0,76;0,90;9,34;4,07;14,26;0,44;0,56;0,38;9,91;30,11;223.606.471,42
SCAR3;39,49;0,92;56,24;1,52;0,73;71,34;51,03;12,97;14,30;21,17;6,87;0,73;7,30;7,72;-0,90;2,02;2,70;1,30;4,54;0,48;0,52;0,10;4,05;-6,45;383.278,56
SEDU3;23,80;;-13,36;15,00;1,53;48,36;-15,73;-25,77;-21,89;-27,94;-6,05;4,15;3,44;57,90;-2,27;1,09;-112,29;-11,46;-13,15;0,10;0,90;0,44;12,49;;
SEER3;14,35;0,33;19,91;1,39;0,74;54,36;17,46;7,19;8,20;8,01;-0,19;-0,03;1,43;7,87;-0,96;1,72;7,00;3,74;15,15;0,53;0,47;0,52;12,60;-8,61;20.943.680,98
SGPS3;7,30;;-1,03;0,31;0,12;34,05;-1,22;-26,97;-22,76;-70,08;-47,32;0,65;0,28;1,78;-0,18;1,21;-30,43;-11,30;-3,83;0,37;0,63;0,42;-7,42;;1.767.259,86
SHOW3;2,66;;-3,12;0,70;0,29;23,24;-21,01;-32,70;-4,86;-3,31;1,55;-0,22;1,02;1,67;-0,66;1,44;-22,31;-9,20;-9,31;0,41;0,59;0,28;-6,57;;2.283.202,00
SHUL3;0,00;;0,00;0,00;0,00;22,75;9,22;8,50;0,00;9,39;2,62;0,36;0,00;0,00;0,00;2,24;12,55;5,08;6,13;0,40;0,60;0,60;7,65;12,44;
SHUL4;11,60;1,81;12,82;1,61;0,65;22,75;9,22;8,50;11,82;9,39;2,62;0,36;1,09;1,83;-1,82;2,24;12,55;5,08;6,13;0,40;0,60;0,60;7,65;12,44;2.664.542,00
SLCE3;25,12;3,14;14,36;1,67;0,63;25,21;17,90;9,87;7,92;10,51;2,59;0,55;1,42;3,57;-1,16;1,61;11,66;4,35;8,89;0,37;0,60;0,44;15,19;35,04;27.749.672,67
SLED3;1,13;;-0,16;-0,18;0,10;33,43;-112,99;-74,23;-0,11;-0,66;-0,57;;0,12;-0,94;-0,15;0,75;-109,34;-63,57;-3.080,82;-0,58;1,58;0,86;-18,14;;326.547,09
SLED4;0,78;;-0,11;-0,12;0,07;33,43;-112,99;-74,23;-0,07;-0,66;-0,57;;0,08;-0,65;-0,11;0,75;-109,34;-63,57;-3.080,82;-0,58;1,58;0,86;-18,14;;1.242.963,65
SMFT3;0,00;;0,00;0,00;0,00;26,26;-12,64;-33,81;0,00;-5,38;-5,38;0,50;0,00;0,00;0,00;1,66;-25,09;-7,30;-4,95;0,29;0,71;0,22;;;
SMLS3;14,18;7,80;4,57;1,40;0,55;88,53;64,48;50,63;3,59;0,56;-3,03;-1,18;2,32;1,81;-2,26;1,66;30,51;11,97;23,37;0,39;0,61;0,24;;;27.115.653,65
SMTO3;24,17;2,23;12,90;2,56;0,71;32,75;32,17;16,74;6,71;10,29;3,58;1,36;2,16;4,89;-0,99;2,01;19,82;5,48;11,43;0,28;0,72;0,33;14,03;17,25;38.417.494,35
SNSY3;43,16;;-1,97;-0,26;0,95;11,74;-19,84;-39,00;-3,87;;-0,98;;0,77;-1,89;-1,83;0,49;-13,01;-48,53;7,03;-3,73;4,78;1,24;0,60;;198.223,57
SNSY5;8,87;;-0,40;-0,05;0,20;11,74;-19,84;-39,00;-0,79;;-0,98;;0,16;-0,39;-0,38;0,49;-13,01;-48,53;7,03;-3,73;4,78;1,24;0,60;;848.569,56
SNSY6;11,51;;-0,52;-0,07;0,25;11,74;-19,84;-39,00;-1,03;;-0,98;;0,20;-0,50;-0,49;0,49;-13,01;-48,53;7,03;-3,73;4,78;1,24;0,60;;1.033,67
SOMA3;10,62;;-159,75;12,01;3,82;59,19;-4,81;-2,95;-97,95;-104,87;-6,92;0,85;4,71;67,98;-8,45;1,11;-7,52;-2,39;-10,94;0,32;0,68;0,81;;;35.764.732,32
SOND3;33,46;2,50;3,76;1,48;1,05;29,46;29,22;33,45;4,31;;-1,53;-0,53;1,26;2,50;-2,54;3,49;39,44;27,80;31,94;0,70;0,29;0,83;-16,58;-15,38;
SOND5;55,00;1,67;6,19;2,44;1,72;29,46;29,22;33,45;7,09;;-1,53;-0,53;2,07;4,10;-4,17;3,49;39,44;27,80;31,94;0,70;0,29;0,83;-16,58;-15,38;18.986,00
SOND6;36,00;2,56;4,05;1,60;1,13;29,46;29,22;33,45;4,64;;-1,53;-0,53;1,36;2,69;-2,73;3,49;39,44;27,80;31,94;0,70;0,29;0,83;-16,58;-15,38;16.096,00
SPRI3;11,35;;-1,73;1,28;1,23;;;;-1,57;;0,17;-0,14;;2,41;-2,57;66,47;-73,82;-71,18;-81,66;0,96;0,04;0,00;;;16.776,31
SPRI5;8,50;;-1,30;0,96;0,92;;;;-1,17;;0,17;-0,14;;1,80;-1,93;66,47;-73,82;-71,18;-81,66;0,96;0,04;0,00;;;9.086,56
SPRI6;11,00;;-1,68;1,24;1,20;;;;-1,52;;0,17;-0,14;;2,34;-2,49;66,47;-73,82;-71,18;-81,66;0,96;0,04;0,00;;;13.263,91
SPRT3B;0,90;;-32,01;-32,93;408,93;;;;-34,85;-34,85;0,00;;;-30,49;-411,12;0,00;-102,88;-1.277,40;94,51;-12,42;13,42;0,00;;;
SQIA3;24,94;;748,72;4,07;2,90;34,16;0,54;1,22;1.688,57;1.440,39;-248,18;-0,60;9,13;5,76;-7,36;5,96;0,54;0,39;-0,17;0,71;0,29;0,32;19,79;;24.339.149,60
STBP3;5,20;0,34;-769,20;2,63;1,07;24,76;7,41;-0,49;50,56;51,78;1,22;0,06;3,75;12,61;-1,28;2,06;-0,34;-0,14;3,91;0,41;0,59;0,29;-0,62;-30,01;15.419.826,86
STKF3;0,00;;0,00;0,00;0,00;49,43;28,57;14,90;0,00;1,47;1,47;0,14;0,00;0,00;0,00;1,61;5,04;3,07;6,04;0,61;0,39;0,21;15,38;;
STTR3;0,00;;0,00;0,00;0,00;32,25;10,86;12,70;0,00;0,04;0,04;0,01;0,00;0,00;0,00;3,29;23,01;13,51;13,21;0,59;0,41;1,06;9,75;31,06;
SULA11;43,50;2,71;13,43;2,29;0,60;14,25;5,76;5,95;13,88;3,42;-10,46;-1,72;0,80;1,75;-2,09;1,93;17,04;4,48;8,09;0,26;0,74;0,75;9,98;16,00;151.051.727,26
SULA3;17,73;2,21;16,43;2,80;0,74;14,25;5,76;5,95;16,98;3,42;-10,46;-1,72;0,98;2,14;-2,55;1,93;17,04;4,48;8,09;0,26;0,74;0,75;9,98;16,00;134.260,86
SULA4;12,75;3,08;11,81;2,01;0,53;14,25;5,76;5,95;12,21;3,42;-10,46;-1,72;0,70;1,54;-1,83;1,93;17,04;4,48;8,09;0,26;0,74;0,75;9,98;16,00;166.640,44
SUZB3;50,12;;-3,84;27,38;0,63;28,72;18,95;-62,08;12,58;25,13;12,56;27,34;2,38;8,56;-0,79;1,57;-713,28;-16,38;-5,24;0,02;0,98;0,26;29,06;;303.578.920,70
TAEE11;28,27;8,54;7,28;1,80;0,72;63,33;75,80;54,11;5,20;8,03;2,83;0,98;3,94;3,67;-1,00;3,23;24,70;9,88;13,26;0,40;0,60;0,18;3,71;2,07;72.086.149,81
TAEE3;9,45;8,51;7,30;1,80;0,72;63,33;75,80;54,11;5,21;8,03;2,83;0,98;3,95;3,68;-1,01;3,23;24,70;9,88;13,26;0,40;0,60;0,18;3,71;2,07;687.562,47
TAEE4;9,47;8,50;7,32;1,81;0,72;63,33;75,80;54,11;5,23;8,03;2,83;0,98;3,96;3,69;-1,01;3,23;24,70;9,88;13,26;0,40;0,60;0,18;3,71;2,07;1.199.467,00
TASA3;5,92;;-4,28;-1,42;0,43;36,47;13,49;-9,89;3,14;8,08;4,81;;0,42;4,49;-1,28;1,17;-33,25;-9,96;26,00;-0,30;1,30;1,01;11,06;;644.409,30
TASA4;6,43;;-4,65;-1,55;0,46;36,47;13,49;-9,89;3,41;8,08;4,81;;0,46;4,88;-1,39;1,17;-33,25;-9,96;26,00;-0,30;1,30;1,01;11,06;;8.575.435,49
TCNO3;2,11;;-37,55;52,91;0,06;;;;-8,12;-26,14;-19,45;126,75;;-0,15;-0,07;0,29;-140,91;-0,16;-5,10;0,00;1,00;0,00;;;96.594,44
TCNO4;1,53;;-27,23;38,37;0,04;;;;-5,89;-26,14;-19,45;126,75;;-0,11;-0,05;0,29;-140,91;-0,16;-5,10;0,00;1,00;0,00;;;156.716,02
TCSA3;11,16;;-3,90;0,98;0,51;-3,64;-65,72;-74,07;-4,40;-4,95;-0,55;0,12;2,89;3,31;-0,78;1,78;-25,00;-12,98;-16,28;0,52;0,48;0,18;-25,67;;26.418.050,86
TECN3;1,13;;-0,68;0,27;0,13;33,87;-45,58;-44,10;-0,66;-1,29;-0,63;0,26;0,30;0,41;-0,29;2,36;-39,81;-19,20;-32,96;0,48;0,52;0,44;-5,22;;1.159.885,81
TEKA3;27,00;;-0,11;-0,01;0,01;17,97;-15,70;-91,04;-0,66;-23,38;-22,99;;0,10;-0,01;-0,01;0,02;-7,42;-12,15;2,07;-1,64;2,64;0,13;4,39;;51.360,04
TEKA4;10,30;;-0,04;0,00;0,01;17,97;-15,70;-91,04;-0,25;-23,38;-22,99;;0,04;0,00;-0,01;0,02;-7,42;-12,15;2,07;-1,64;2,64;0,13;4,39;;126.087,86
TELB3;145,00;;-155,50;6,13;2,30;-75,36;1,18;-25,67;3.393,24;2.506,66;-199,86;-0,36;39,91;10,03;-3,24;4,88;-3,94;-1,48;0,15;0,38;0,62;0,06;6,86;;394.692,61
TELB4;36,81;;-39,48;1,56;0,58;-75,36;1,18;-25,67;861,41;2.506,66;-199,86;-0,36;10,13;2,55;-0,82;4,88;-3,94;-1,48;0,15;0,38;0,62;0,06;6,86;;2.797.693,16
TEND3;30,69;1,11;16,12;2,28;0,77;31,64;11,99;9,97;13,40;12,61;-0,79;-0,13;1,61;1,57;-3,05;2,94;14,12;4,80;7,32;0,34;0,66;0,48;27,88;;36.003.595,07
TESA3;17,01;;-2,96;0,48;0,15;21,44;12,64;-10,59;2,48;8,92;6,44;1,24;0,31;-14,37;-0,21;0,96;-16,16;-5,10;7,69;0,32;0,68;0,48;4,07;;989.788,86
TGMA3;25,88;4,41;11,41;2,89;1,64;19,96;15,74;13,27;9,61;9,83;0,22;0,06;1,51;7,08;-3,20;1,90;25,38;14,35;13,85;0,57;0,43;1,08;-1,32;;15.669.086,84
TIET11;15,00;7,86;15,08;3,85;0,71;36,82;40,58;19,63;7,29;10,56;3,27;1,72;2,96;-64,80;-1,00;0,96;25,50;4,68;11,39;0,18;0,82;0,24;-8,55;7,42;39.269.488,47
TIET3;3,01;7,83;15,13;3,86;0,71;36,82;40,58;19,63;7,32;10,56;3,27;1,72;2,97;-65,02;-1,00;0,96;25,50;4,68;11,39;0,18;0,82;0,24;-8,55;7,42;1.335.143,51
TIET4;3,00;7,86;15,08;3,85;0,71;36,82;40,58;19,63;7,29;10,56;3,27;1,72;2,96;-64,80;-1,00;0,96;25,50;4,68;11,39;0,18;0,82;0,24;-8,55;7,42;5.032.499,30
TIMP3;14,43;1,79;18,37;1,53;0,88;56,52;17,83;11,11;11,44;13,74;2,30;0,31;2,04;16,48;-1,11;1,34;8,33;4,78;8,82;0,57;0,43;0,43;-2,28;18,52;165.270.861,47
TKNO3;0,00;;0,00;0,00;0,00;23,47;13,28;7,32;0,00;1,37;-1,22;-0,14;0,00;0,00;0,00;3,45;6,24;4,96;6,62;0,79;0,21;0,68;1,69;16,13;
TKNO4;39,08;0,92;10,15;0,63;0,50;23,47;13,28;7,32;5,60;1,37;-1,22;-0,14;0,74;1,28;-1,13;3,45;6,24;4,96;6,62;0,79;0,21;0,68;1,69;16,13;13.824,00
TOTS3;28,80;0,66;63,97;6,61;3,23;68,94;14,30;10,92;48,84;46,18;-2,66;-0,36;6,98;23,19;-7,16;1,34;10,34;5,04;8,04;0,49;0,51;0,46;5,18;-4,33;138.697.314,91
TOYB3;2,29;;-43,94;-4,97;4,03;24,06;-10,70;-10,96;-45,00;-47,62;-0,63;;4,81;-5,93;-11,89;0,49;-11,31;-9,18;11,93;-0,81;1,81;0,84;-33,11;;
TOYB4;2,50;;-47,96;-5,43;4,40;24,06;-10,70;-10,96;-49,12;-47,62;-0,63;;5,26;-6,47;-12,98;0,49;-11,31;-9,18;11,93;-0,81;1,81;0,84;-33,11;;
TPIS3;1,26;;-6,22;0,32;0,06;17,63;3,76;-3,50;5,79;52,54;46,75;2,55;0,22;-0,28;-0,07;0,24;-5,08;-0,98;-1,23;0,19;0,80;0,28;-10,51;;988.019,65
TRIS3;12,19;1,76;14,87;2,06;1,16;36,37;22,19;19,00;12,74;12,89;0,15;0,02;2,83;2,43;-3,87;3,15;13,84;7,80;10,44;0,56;0,41;0,41;16,63;31,43;26.536.527,74
TRPL3;26,43;5,03;7,84;1,35;0,78;72,75;74,40;56,45;5,95;6,02;0,77;0,17;4,42;5,56;-1,00;2,71;17,16;9,91;13,79;0,58;0,41;0,18;24,55;36,20;106.705,49
TRPL4;21,40;6,21;6,35;1,09;0,63;72,75;74,40;56,45;4,81;6,02;0,77;0,17;3,58;4,50;-0,81;2,71;17,16;9,91;13,79;0,58;0,41;0,18;24,55;36,20;36.587.736,67
TUPY3;16,90;;-16,10;1,03;0,40;14,32;3,17;-3,59;18,21;27,32;9,11;0,51;0,58;1,43;-0,84;2,20;-6,38;-2,50;2,41;0,39;0,61;0,70;10,64;25,61;16.247.250,30
TXRX3;72,00;;172,87;-1,03;1,64;26,89;-1,14;2,20;-334,43;-372,09;-228,07;;3,81;-1,15;-2,46;0,19;-0,60;0,95;1,13;-1,59;2,59;0,43;3,62;;35.602,00
TXRX4;9,70;;23,29;-0,14;0,22;26,89;-1,14;2,20;-45,05;-372,09;-228,07;;0,51;-0,16;-0,33;0,19;-0,60;0,95;1,13;-1,59;2,59;0,43;3,62;;288.910,33
UCAS3;4,08;15,34;24,25;1,68;1,30;38,59;8,49;7,97;22,77;19,78;-2,99;-0,22;1,93;3,83;-2,71;2,91;6,93;5,38;4,80;0,78;0,22;0,68;-9,32;;762.420,58
UGPA3;19,52;1,23;93,34;2,39;0,64;6,80;1,47;0,28;17,59;27,75;10,15;1,38;0,26;2,37;-1,18;2,41;2,56;0,68;3,17;0,27;0,72;2,47;5,68;-20,28;127.757.693,67
UNIP3;36,50;1,08;101,57;2,49;0,85;26,38;10,69;1,12;10,65;;0,01;0,00;1,14;8,28;-1,35;1,38;2,45;0,84;12,76;0,34;0,66;0,75;31,46;21,32;1.139.653,02
UNIP5;29,56;2,42;82,25;2,02;0,69;26,38;10,69;1,12;8,62;;0,01;0,00;0,92;6,71;-1,09;1,38;2,45;0,84;12,76;0,34;0,66;0,75;31,46;21,32;23.814,38
UNIP6;29,83;1,45;83,01;2,04;0,69;26,38;10,69;1,12;8,70;;0,01;0,00;0,93;6,77;-1,10;1,38;2,45;0,84;12,76;0,34;0,66;0,75;31,46;21,32;5.695.042,40
USIM3;10,46;0,38;-14,43;0,97;0,49;11,21;4,58;-6,51;20,52;;5,81;0,27;0,94;2,04;-0,75;3,14;-6,69;-3,38;2,51;0,51;0,43;0,52;4,95;12,56;1.697.440,14
USIM5;10,15;0,43;-14,00;0,94;0,47;11,21;4,58;-6,51;19,91;;5,81;0,27;0,91;1,98;-0,73;3,14;-6,69;-3,38;2,51;0,51;0,43;0,52;4,95;12,56;169.335.854,79
USIM6;9,36;0,46;-12,91;0,86;0,44;11,21;4,58;-6,51;18,36;;5,81;0,27;0,84;1,82;-0,67;3,14;-6,69;-3,38;2,51;0,51;0,43;0,52;4,95;12,56;3.757,25
VALE3;59,91;2,36;49,41;1,69;0,70;42,83;13,50;4,18;15,29;16,99;1,70;0,19;2,06;6,32;-0,92;1,82;3,43;1,41;5,86;0,41;0,60;0,34;12,46;;1.753.769.999,14
VIVA3;23,57;0,72;-353,21;5,02;3,04;69,59;0,12;-2,43;7.446,19;7.213,63;-232,56;-0,16;8,58;6,88;-9,03;3,00;-1,42;-0,86;-3,78;0,61;0,39;0,35;;;36.463.032,63
VIVR3;1,38;;-0,80;-0,85;0,27;40,91;167,88;247,81;-1,18;-2,91;-1,72;;;-0,52;-0,45;0,44;-106,27;-33,84;-225,29;-0,32;1,32;-0,14;;;1.933.572,02
VIVT3;48,50;5,57;18,20;1,18;0,74;49,07;15,85;10,34;11,88;12,55;0,72;0,07;1,88;159,09;-0,93;1,02;6,51;4,07;6,39;0,63;0,37;0,39;4,81;0,26;5.309.684,58
VIVT4;48,19;6,17;18,09;1,18;0,74;49,07;15,85;10,34;11,80;12,55;0,72;0,07;1,87;158,08;-0,92;1,02;6,51;4,07;6,39;0,63;0,37;0,39;4,81;0,26;119.745.473,19
VLID3;10,23;6,84;-6,52;0,63;0,24;19,22;-2,45;-5,60;-14,92;-31,58;-16,67;0,71;0,37;1,77;-0,45;1,42;-9,70;-3,70;-1,97;0,38;0,61;0,66;9,15;-13,37;10.287.295,70
VSPT3;0,00;;0,00;0,00;0,00;8,67;0,36;-6,06;0,00;-20,25;-20,25;-0,04;0,00;0,00;0,00;0,61;-3,25;-1,74;-1,41;0,54;0,46;0,29;10,01;;
VSPT4;0,00;;0,00;0,00;0,00;8,67;0,36;-6,06;0,00;-20,25;-20,25;-0,04;0,00;0,00;0,00;0,61;-3,25;-1,74;-1,41;0,54;0,46;0,29;10,01;;
VULC3;5,87;;70,33;1,40;0,96;33,82;1,30;1,92;103,62;100,46;-3,16;-0,04;1,35;2,02;-2,60;4,08;1,99;1,37;0,72;0,69;0,31;0,71;5,57;;5.857.100,44
VVAR3;20,46;;-28,19;6,47;1,13;30,97;-3,01;-4,65;-43,51;;-4,79;0,71;1,31;13,60;-2,60;1,17;-22,96;-4,00;-9,63;0,17;0,83;0,86;2,50;;1.765.022.994,47
WEGE3;64,84;0,68;72,65;13,13;7,56;30,05;14,63;12,57;62,40;61,97;-0,33;-0,07;9,13;22,16;-18,95;2,31;18,08;10,40;15,36;0,58;0,41;0,83;11,23;11,15;355.318.296,16
WHRL3;7,13;13,57;7,56;5,82;1,88;16,95;5,41;17,74;24,80;22,65;-2,50;-0,59;1,34;12,42;-7,58;1,25;76,96;24,89;15,93;0,32;0,68;1,40;-4,33;20,00;106.276,53
WHRL4;7,45;15,68;7,90;6,08;1,97;16,95;5,41;17,74;25,91;22,65;-2,50;-0,59;1,40;12,98;-7,92;1,25;76,96;24,89;15,93;0,32;0,68;1,40;-4,33;20,00;429.609,00
WIZS3;10,69;6,26;8,87;6,30;2,60;73,01;50,19;28,27;5,00;4,64;-0,36;-0,45;2,51;-58,98;-3,92;0,88;71,01;29,34;75,84;0,41;0,57;1,04;19,97;21,33;9.927.496,72
WLMM3;16,02;2,00;10,80;1,33;1,01;12,42;6,04;5,20;9,30;8,81;-1,42;-0,20;0,56;3,48;-1,80;2,92;12,29;9,34;10,98;0,76;0,24;1,80;4,61;32,46;114.885,14
WLMM4;18,98;1,85;12,79;1,57;1,20;12,42;6,04;5,20;11,01;8,81;-1,42;-0,20;0,67;4,12;-2,14;2,92;12,29;9,34;10,98;0,76;0,24;1,80;4,61;32,46;73.849,46
WSON33;39,50;2,88;43,67;1,22;0,50;47,76;19,94;3,83;8,39;14,63;6,24;0,91;1,67;10,38;-0,60;1,41;2,80;1,15;4,50;0,41;0,59;0,30;1,52;4,05;954.000,70
YDUQ3;26,94;1,89;27,86;2,54;1,09;56,66;16,57;8,33;14,00;15,58;1,60;0,29;2,32;3,54;-1,93;3,41;9,13;3,91;8,61;0,43;0,57;0,47;8,38;12,26;103.964.096,81
